CONFIG compute_units=all oracle=none
SCORE_BEGIN {"requestId":"sdr-ct-00","probes":[{"axis":"evidence_sufficient","offset":614},{"axis":"still_needed","offset":617},{"offset":620,"axis":"full_content_needed"},{"offset":623,"axis":"unresolved_evidence"}],"promptDigest":"sha256:964d402b7f71a1b03a3e2b6925d72b74fca69b7da3bd942eae267f8e57bf6445","row":0,"candidateViewDigest":"sha256:a130e4547fe8c2cb3adb2c7be0df56a8926d4bcc9a431329366538e88e57cf7a","promptTokens":624,"axis":"","candidateId":"cand-ct-00-0001"}
HID seg0s16 pos=15 sha=25244ab624c23558 first8=[0.0040,-0.0081,0.0452,-0.0041,-0.0080,0.0121,0.0030,0.0006]
HID seg1s16 pos=15 sha=61564faa09831d05 first8=[0.0014,-0.0001,0.1376,0.0097,0.0010,0.0282,-0.0025,0.0050]
HID seg2s16 pos=15 sha=a655de1e5f04629f first8=[-0.1090,0.0768,0.0153,-0.0225,0.1281,0.1117,-0.2261,-0.1624]
HID seg0s16 pos=31 sha=1ebe4682b905286e first8=[0.0052,-0.0066,0.0349,0.0008,0.0004,0.0081,0.0025,-0.0089]
HID seg1s16 pos=31 sha=cf56b9a1ebe75f71 first8=[0.0216,-0.0078,0.1289,-0.0060,0.0189,0.0283,0.0021,-0.0189]
HID seg2s16 pos=31 sha=47a03c42880cf062 first8=[0.0288,-0.1729,0.1826,0.0638,0.1405,-0.0701,-0.0870,-0.2466]
HID seg0s16 pos=47 sha=ad84cc2266660fd5 first8=[0.0087,0.0001,0.0307,-0.0029,-0.0036,0.0014,-0.0045,-0.0022]
HID seg1s16 pos=47 sha=5e314c7e048fcbbe first8=[0.0063,0.0125,0.1205,0.0146,0.0170,0.0057,0.0025,-0.0031]
HID seg2s16 pos=47 sha=8218136cf76ade75 first8=[-0.1175,0.1158,-0.0938,0.1270,0.2003,0.0886,-0.0597,-0.1368]
HID seg0s16 pos=63 sha=0c85b7cc4639d4f9 first8=[-0.0037,-0.0097,0.0340,0.0042,-0.0002,0.0102,-0.0077,-0.0133]
HID seg1s16 pos=63 sha=3c1651ce1ed2892c first8=[-0.0158,0.0004,0.1292,0.0154,-0.0087,0.0183,-0.0007,-0.0305]
HID seg2s16 pos=63 sha=9409e3a1c98d1ec3 first8=[-0.0741,0.1232,0.1750,0.2446,-0.0923,-0.0996,0.1512,-0.1012]
HID seg0s16 pos=79 sha=c6a8ac2f689bfe83 first8=[0.0001,-0.0024,0.0334,0.0014,0.0000,0.0078,-0.0099,-0.0025]
HID seg1s16 pos=79 sha=87013693cc1eeac2 first8=[0.0066,-0.0105,0.1025,-0.0051,-0.0001,0.0112,-0.0000,-0.0262]
HID seg2s16 pos=79 sha=16fc694d577425c7 first8=[-0.2046,0.0327,0.2981,-0.0402,0.0803,0.1857,-0.0610,-0.2888]
HID seg0s16 pos=95 sha=e3eae88e4ec01c86 first8=[0.0032,-0.0077,0.0401,0.0020,-0.0092,0.0027,-0.0031,-0.0053]
HID seg1s16 pos=95 sha=51dcd11c217ee91c first8=[-0.0043,-0.0186,0.1088,-0.0071,0.0089,0.0258,0.0147,-0.0163]
HID seg2s16 pos=95 sha=59a0fbb7fc87e92d first8=[-0.0481,0.1289,0.2150,-0.0042,-0.1467,0.0316,0.0074,-0.0791]
HID seg0s16 pos=111 sha=042198a7db7342d5 first8=[0.0024,-0.0056,0.0407,0.0009,-0.0068,0.0083,-0.0004,-0.0058]
HID seg1s16 pos=111 sha=578abf077d9d0ef3 first8=[-0.0068,-0.0071,0.1083,0.0023,0.0031,0.0264,0.0017,-0.0087]
HID seg2s16 pos=111 sha=aede7780db25f5fd first8=[0.0790,0.0189,-0.0198,0.0215,-0.0833,0.1650,-0.0163,-0.0489]
HID seg0s16 pos=127 sha=7b952808d9ff9869 first8=[-0.0036,-0.0067,0.0359,-0.0049,-0.0077,-0.0029,-0.0025,-0.0002]
HID seg1s16 pos=127 sha=ac95dcfceb54d09a first8=[-0.0083,-0.0042,0.0655,0.0006,0.0051,0.0199,0.0016,-0.0053]
HID seg2s16 pos=127 sha=abcaa3185b1888a6 first8=[0.2212,-0.1749,0.1776,0.1576,-0.0506,0.1857,0.2488,-0.1544]
HID seg0s16 pos=143 sha=2ee9a1d0749ffaea first8=[0.0054,-0.0057,0.0387,0.0002,-0.0098,-0.0024,0.0000,-0.0185]
HID seg1s16 pos=143 sha=ba29dd3c87644887 first8=[-0.0218,0.0037,0.0669,-0.0064,0.0259,0.0071,-0.0009,-0.0200]
HID seg2s16 pos=143 sha=c25c7cebbd254215 first8=[-0.0825,-0.0594,0.1636,0.1782,0.0288,-0.1477,0.0422,-0.1070]
HID seg0s16 pos=159 sha=5a78f6d9c94cd561 first8=[0.0041,-0.0035,0.0311,-0.0001,-0.0049,0.0076,-0.0030,-0.0087]
HID seg1s16 pos=159 sha=77a65856fd3a365b first8=[-0.0222,-0.0097,0.0877,0.0158,0.0101,0.0247,0.0085,-0.0224]
HID seg2s16 pos=159 sha=c7fa0a358791b46a first8=[0.0948,0.1349,-0.0712,0.0017,0.0023,0.0180,-0.0182,-0.1212]
HID seg0s16 pos=175 sha=2430dbf5dd741e02 first8=[-0.0037,-0.0060,0.0300,-0.0069,-0.0054,-0.0036,-0.0052,-0.0023]
HID seg1s16 pos=175 sha=ece2ee6a3e978956 first8=[-0.0022,-0.0022,0.0616,0.0169,0.0041,-0.0006,-0.0128,-0.0025]
HID seg2s16 pos=175 sha=9f9b6acc314f468f first8=[0.0639,-0.1263,0.1993,0.0936,-0.0134,0.1812,0.3054,-0.2629]
HID seg0s16 pos=191 sha=ecacea28601c6ecb first8=[0.0047,-0.0072,0.0337,0.0011,-0.0049,-0.0049,0.0003,-0.0161]
HID seg1s16 pos=191 sha=4b7b0d8c0a0b13f4 first8=[-0.0160,0.0007,0.0782,-0.0017,0.0257,-0.0005,-0.0094,-0.0166]
HID seg2s16 pos=191 sha=c304ba0c91b2c27a first8=[-0.0761,0.0460,0.1034,0.2013,-0.0200,-0.1625,0.0450,-0.1294]
HID seg0s16 pos=207 sha=4ddece6ed98b2eb8 first8=[0.0042,-0.0013,0.0292,0.0011,-0.0030,0.0063,-0.0006,-0.0093]
HID seg1s16 pos=207 sha=5831ddca91174414 first8=[-0.0179,-0.0096,0.0865,0.0225,0.0107,0.0149,-0.0067,-0.0262]
HID seg2s16 pos=207 sha=3337d35df525fbb7 first8=[0.1183,0.1416,-0.1027,0.0147,0.0099,-0.0464,-0.0385,-0.1287]
HID seg0s16 pos=223 sha=3d4b2ba101873780 first8=[-0.0042,-0.0027,0.0255,-0.0052,-0.0032,0.0014,-0.0022,-0.0013]
HID seg1s16 pos=223 sha=d06cc10f854d89de first8=[-0.0072,0.0014,0.0662,0.0135,0.0017,0.0001,-0.0029,0.0059]
HID seg2s16 pos=223 sha=095089bb102f4157 first8=[0.0845,-0.1505,0.1859,0.1020,0.0257,0.0684,0.2922,-0.2681]
HID seg0s16 pos=239 sha=3585cce736cf5d99 first8=[0.0058,-0.0055,0.0298,0.0009,-0.0054,-0.0051,0.0033,-0.0174]
HID seg1s16 pos=239 sha=be54bb754b0a8196 first8=[-0.0140,0.0042,0.0895,-0.0037,0.0264,-0.0067,-0.0096,-0.0208]
HID seg2s16 pos=239 sha=4610a83f8372398a first8=[-0.0251,0.0217,0.1680,0.1361,-0.0391,-0.0450,0.0831,-0.1826]
HID seg0s16 pos=255 sha=7c2d0e69ce0b8c7b first8=[0.0039,-0.0020,0.0244,0.0003,-0.0023,0.0048,-0.0013,-0.0079]
HID seg1s16 pos=255 sha=b8fa0cc847645712 first8=[-0.0107,-0.0077,0.0806,0.0248,0.0175,0.0145,-0.0100,-0.0092]
HID seg2s16 pos=255 sha=f5b0a72c7c6ab234 first8=[0.1616,0.1654,-0.1106,0.0086,0.0373,-0.0222,0.0273,-0.1232]
HID seg0s16 pos=271 sha=abc4ecaf33f86492 first8=[0.0031,0.0010,0.0240,-0.0009,-0.0030,0.0015,-0.0025,0.0006]
HID seg1s16 pos=271 sha=5820115b90a5a413 first8=[-0.0116,0.0128,0.0720,0.0056,0.0128,0.0048,-0.0110,-0.0051]
HID seg2s16 pos=271 sha=17527322961bc97a first8=[0.0048,0.1865,0.1117,0.0203,0.0148,0.1178,-0.0146,-0.0439]
HID seg0s16 pos=287 sha=f6fd4dfc446d4747 first8=[-0.0004,0.0024,0.0238,0.0030,0.0008,0.0051,-0.0011,-0.0069]
HID seg1s16 pos=287 sha=aacd31980569e116 first8=[0.0018,-0.0121,0.0810,0.0107,-0.0025,-0.0098,0.0114,-0.0133]
HID seg2s16 pos=287 sha=8ad4235d4bec521d first8=[0.0050,0.1216,0.1242,0.1937,0.0062,-0.0842,0.1432,-0.0976]
HID seg0s16 pos=303 sha=52dbe0c6dccbc0fc first8=[0.0039,0.0055,0.0141,-0.0051,-0.0025,-0.0138,0.0029,-0.0141]
HID seg1s16 pos=303 sha=f76693d0c2e7a354 first8=[0.0128,0.0154,0.0590,0.0083,0.0020,-0.0405,-0.0147,-0.0215]
HID seg2s16 pos=303 sha=59044d8ce1140239 first8=[0.0412,0.0324,0.0917,0.1526,-0.0942,-0.2416,0.0719,-0.1160]
HID seg0s16 pos=319 sha=50c506fa85d796cb first8=[0.0029,-0.0011,0.0174,-0.0018,-0.0035,-0.0041,-0.0030,0.0002]
HID seg1s16 pos=319 sha=eea8b2dc463a2f7a first8=[-0.0238,0.0031,0.0812,0.0121,0.0120,-0.0059,-0.0026,-0.0101]
HID seg2s16 pos=319 sha=ddea61db22271e74 first8=[-0.0192,0.0723,-0.0079,0.1678,-0.0847,-0.1685,0.1439,0.1929]
HID seg0s16 pos=335 sha=166d673611be71c6 first8=[-0.0003,0.0034,0.0209,0.0057,0.0047,0.0064,-0.0009,-0.0074]
HID seg1s16 pos=335 sha=f291458fc6adc35e first8=[0.0048,-0.0187,0.0739,0.0139,-0.0079,-0.0123,0.0111,-0.0195]
HID seg2s16 pos=335 sha=550b82581dc5dea4 first8=[0.0063,0.1398,0.0915,0.2025,-0.0638,-0.0499,0.1451,-0.0842]
HID seg0s16 pos=351 sha=90c2ed31941b4781 first8=[0.0009,0.0058,0.0128,-0.0037,-0.0023,-0.0102,0.0030,-0.0150]
HID seg1s16 pos=351 sha=aa691d6975fd313f first8=[0.0132,0.0163,0.0591,0.0130,0.0093,-0.0289,-0.0150,-0.0242]
HID seg2s16 pos=351 sha=e9f6bfaff2c50279 first8=[0.0779,0.0227,0.0635,0.2286,-0.0716,-0.2438,0.0984,-0.0301]
HID seg0s16 pos=367 sha=ba124847b82df51e first8=[-0.0070,0.0018,0.0201,-0.0043,-0.0017,0.0039,-0.0041,0.0019]
HID seg1s16 pos=367 sha=1164a3c44994027a first8=[-0.0187,0.0049,0.0901,0.0241,0.0144,-0.0018,-0.0080,0.0086]
HID seg2s16 pos=367 sha=136f254b0ee94d04 first8=[0.0586,-0.0500,0.1278,0.1335,-0.0560,-0.0147,0.0235,0.1802]
HID seg0s16 pos=383 sha=619552a03352675f first8=[-0.0008,-0.0005,0.0157,0.0050,0.0041,0.0029,-0.0013,-0.0049]
HID seg1s16 pos=383 sha=b74acabf3bc86ea8 first8=[-0.0018,-0.0234,0.0665,0.0139,-0.0066,-0.0105,0.0140,-0.0135]
HID seg2s16 pos=383 sha=59943c961a987c1e first8=[0.0032,0.1183,0.0858,0.2317,-0.0993,-0.0695,0.1511,-0.1183]
HID seg0s16 pos=399 sha=5291c5a60a635f92 first8=[0.0027,0.0046,0.0086,-0.0043,-0.0028,-0.0121,0.0043,-0.0155]
HID seg1s16 pos=399 sha=ecfe96dbeeb6b519 first8=[0.0073,0.0126,0.0462,0.0149,0.0101,-0.0462,-0.0154,-0.0270]
HID seg2s16 pos=399 sha=beccc5e6292e2c87 first8=[0.0560,0.0526,0.0925,0.1798,-0.0015,-0.2446,0.1561,-0.0811]
HID seg0s16 pos=415 sha=e396d12e44ccd3c1 first8=[0.0009,0.0023,0.0134,-0.0005,-0.0030,-0.0040,-0.0036,-0.0022]
HID seg1s16 pos=415 sha=7d38403bbfc9cea3 first8=[-0.0221,0.0048,0.0950,0.0180,0.0203,-0.0158,-0.0067,-0.0003]
HID seg2s16 pos=415 sha=026045f7a826a740 first8=[0.1207,-0.0600,0.0195,0.1917,-0.0428,-0.0906,0.2253,0.1871]
HID seg0s16 pos=431 sha=9efa281bca43e5aa first8=[-0.0002,0.0011,0.0142,0.0051,0.0010,-0.0009,-0.0030,-0.0049]
HID seg1s16 pos=431 sha=59e31e9317544eed first8=[0.0053,-0.0270,0.0720,0.0247,-0.0069,-0.0220,0.0049,-0.0218]
HID seg2s16 pos=431 sha=4f13e0580cec6a9b first8=[0.0370,0.1621,0.0973,0.1880,-0.1190,-0.0451,0.2018,-0.1493]
HID seg0s16 pos=447 sha=4b4606dee718be5b first8=[0.0018,0.0016,0.0087,-0.0020,-0.0029,-0.0121,0.0034,-0.0166]
HID seg1s16 pos=447 sha=8889148a57e587aa first8=[0.0070,0.0127,0.0519,0.0049,0.0063,-0.0401,-0.0114,-0.0222]
HID seg2s16 pos=447 sha=c1044092aa7004a9 first8=[0.0399,0.0463,0.0344,0.1355,-0.0335,-0.2151,0.1841,-0.0772]
HID seg0s16 pos=463 sha=ae3c772fa4293ea5 first8=[-0.0023,0.0001,0.0267,-0.0022,-0.0043,-0.0015,-0.0057,-0.0098]
HID seg1s16 pos=463 sha=57ac1213d4cfb4b2 first8=[-0.0030,-0.0231,0.0778,0.0220,0.0078,-0.0249,-0.0098,-0.0260]
HID seg2s16 pos=463 sha=b222b0c20827e80b first8=[-0.0001,0.0533,0.1945,0.2224,-0.0071,-0.1183,0.0336,-0.3835]
HID seg0s16 pos=479 sha=d15b7d69d3d104ab first8=[0.0009,-0.0073,0.0280,0.0031,-0.0029,0.0134,0.0054,-0.0036]
HID seg1s16 pos=479 sha=b45c5e4332fe5bd0 first8=[-0.0016,-0.0041,0.0687,0.0174,0.0098,0.0253,-0.0065,-0.0100]
HID seg2s16 pos=479 sha=e26aa49f8c14590c first8=[-0.2700,0.1426,0.1600,0.2084,0.1443,0.2358,0.0036,-0.2908]
HID seg0s16 pos=495 sha=b7153fa70dfe3c5a first8=[-0.0034,0.0040,0.0266,-0.0022,-0.0016,0.0081,-0.0012,-0.0186]
HID seg1s16 pos=495 sha=8c16e86a4ec7d040 first8=[-0.0016,-0.0173,0.0784,-0.0022,-0.0036,0.0151,0.0028,-0.0176]
HID seg2s16 pos=495 sha=fb1c02186d7bb71a first8=[-0.0551,-0.1492,0.0883,0.2249,0.0365,0.0593,-0.0429,-0.1329]
HID seg0s16 pos=511 sha=1ba96fb1efac6d3f first8=[-0.0079,-0.0021,0.0216,-0.0026,-0.0029,0.0065,0.0007,-0.0022]
HID seg1s16 pos=511 sha=685f2b48787999f8 first8=[0.0019,-0.0144,0.0757,-0.0035,-0.0112,0.0292,-0.0139,0.0143]
HID seg2s16 pos=511 sha=cce17486ec6fdf78 first8=[0.1013,-0.0215,0.0189,0.1187,0.1198,0.2162,-0.0178,0.1248]
HID seg0s16 pos=527 sha=785de2fe92fa716d first8=[-0.0050,-0.0018,0.0138,0.0043,-0.0094,0.0120,0.0038,-0.0022]
HID seg1s16 pos=527 sha=c2482d8533ce86d6 first8=[-0.0310,-0.0062,0.0609,0.0104,-0.0010,0.0350,0.0085,-0.0093]
HID seg2s16 pos=527 sha=5dc865ec1a44b36a first8=[-0.1022,0.1202,-0.0309,0.0488,0.0452,0.2386,-0.0278,-0.1388]
HID seg0s16 pos=543 sha=f619bf5089a6bb6d first8=[-0.0000,-0.0045,0.0056,0.0061,-0.0039,0.0051,0.0001,-0.0054]
HID seg1s16 pos=543 sha=874e15c434c6997d first8=[0.0189,-0.0006,0.0372,0.0183,-0.0186,0.0056,-0.0112,-0.0087]
HID seg2s16 pos=543 sha=cdab981acd97875f first8=[-0.0322,0.1479,0.1763,0.4158,0.1643,0.2186,0.0131,-0.1142]
HID seg0s16 pos=559 sha=52e8d97b8721ecb7 first8=[-0.0039,0.0009,-0.0056,-0.0021,-0.0061,0.0108,-0.0047,0.0111]
HID seg1s16 pos=559 sha=72f137641a902c34 first8=[0.0063,-0.0066,0.0151,0.0112,0.0055,0.0271,0.0002,0.0066]
HID seg2s16 pos=559 sha=342b4983cce2596b first8=[0.0175,0.1334,0.1278,-0.0759,0.0710,0.0300,0.2318,-0.0248]
HID seg0s16 pos=575 sha=8ba00a54e64087b3 first8=[0.0069,0.0050,-0.0069,-0.0009,0.0030,0.0077,0.0079,0.0084]
HID seg1s16 pos=575 sha=d555aed2aab8d017 first8=[0.0233,0.0061,0.0143,-0.0152,-0.0084,0.0097,-0.0123,-0.0120]
HID seg2s16 pos=575 sha=1a5dab3c23786923 first8=[0.0892,0.2106,0.2629,0.2207,-0.0245,-0.1885,0.1285,-0.0170]
HID seg0s16 pos=591 sha=a083ce48437ab812 first8=[0.0023,0.0045,0.0047,-0.0007,-0.0079,0.0122,-0.0032,-0.0066]
HID seg1s16 pos=591 sha=35c8ea0347080847 first8=[0.0088,0.0070,0.0334,0.0142,-0.0095,0.0069,0.0180,-0.0109]
HID seg2s16 pos=591 sha=0689188ce9b36f45 first8=[0.1823,0.2494,-0.0334,0.0125,0.2100,0.1316,-0.0132,-0.0842]
HID seg0s16 pos=607 sha=c1bc82b8f2d77dbb first8=[0.0002,0.0033,-0.0048,0.0051,0.0013,0.0086,-0.0042,-0.0074]
HID seg1s16 pos=607 sha=a3a2eae4a3fa3563 first8=[0.0175,-0.0066,-0.0035,-0.0084,0.0005,-0.0054,0.0090,-0.0164]
HID seg2s16 pos=607 sha=7ee6a405824d756a first8=[0.1788,0.0920,0.0336,0.1279,-0.0564,-0.0376,0.1205,-0.1721]
HID seg0s16 pos=623 sha=857b0bfde9733fd9 first8=[-0.0021,0.0000,0.0058,0.0024,-0.0043,0.0134,-0.0076,-0.0055]
HID seg1s16 pos=623 sha=30e12a5cae863352 first8=[-0.0085,0.0065,0.0318,-0.0010,0.0216,0.0000,0.0263,-0.0123]
HID seg2s16 pos=623 sha=1f3b2efa7e8f54d9 first8=[0.1312,0.0850,0.0342,0.0144,0.0620,0.0349,0.0845,-0.0752]
PROBE_JSON {"probs":{"12447":0.88559944360120546,"18171":3.1672228301700537e-07,"2243":8.3269955936652037e-08,"4547":0.11436438986911605,"11683":3.3785868559087122e-06,"17550":3.1312583080252227e-05,"794":3.9098306501815237e-09,"2752":1.071457672483943e-06},"offset":6,"abs":{"11683":3.3751212928977942e-06,"2752":1.0703586318980746e-06,"18171":3.1639740724036584e-07,"17550":3.1280464406283718e-05,"794":3.9058201673796604e-09,"2243":8.3184542332822333e-08,"12447":0.88469104585826552,"4547":0.11424708135635619}}
PROBE_JSON {"offset":9,"probs":{"12447":0.043124899122456581,"18171":0.00074200487642082978,"2243":3.8413859353498626e-05,"4547":0.035751797091108907,"11683":3.3900111895782825e-05,"17550":0.58609127460493393,"794":0.00027296833928417997,"2752":0.33394474199454638},"abs":{"11683":1.1220330312217107e-05,"2752":0.11052973284353827,"18171":0.00024559033410604292,"17550":0.19398572235962949,"794":9.0347634868038885e-05,"2243":1.2714299936187634e-05,"4547":0.011833204971441622,"12447":0.014273569784151617}}
PROBE_JSON {"probs":{"12447":0.043342616142112857,"18171":0.0031152950208878931,"2243":5.6174006746070622e-05,"4547":0.0078932767869775849,"11683":0.00028305511646074328,"17550":0.8051361209810155,"794":0.00026178318853349304,"2752":0.13991167875726573},"offset":12,"abs":{"11683":1.123936041480666e-07,"2752":5.5555179622116096e-05,"18171":1.2370001989724758e-06,"17550":0.00031969798531940834,"794":1.0394709140943132e-07,"2243":2.2305193266147207e-08,"4547":3.1342087637187105e-06,"12447":1.7210191789957803e-05}}
PROBE_JSON {"offset":15,"probs":{"12447":0.014947342255412449,"18171":0.00041420096860605375,"2243":2.8348138891457683e-06,"4547":0.0022217240830788329,"11683":6.9616310103276823e-06,"17550":0.85526255911119098,"794":2.0946598856925853e-05,"2752":0.12712343053795519},"abs":{"11683":1.3473485329301996e-06,"2752":0.024603367714013041,"18171":8.0164126274679678e-05,"17550":0.16552683596402665,"794":4.0539880953024003e-06,"2243":5.4864762711560645e-07,"12447":0.0028928967405998148,"4547":0.00042999071330714756}}
SCORE_END {"rss_bytes":434259144,"row":0,"ms":668809.57604099996}
SCORE_BEGIN {"promptDigest":"sha256:fb31651eeffc7a60656d27ea7a69693a8124b6f2da0cfca705f055cf3ea2fe70","row":1,"axis":"","candidateViewDigest":"sha256:cd4c83d1fe9fb7178444fdff34b0c808718992a61b0a698b4eae23bffcf16ad9","requestId":"sdr-ct-01","promptTokens":624,"candidateId":"cand-ct-01-0001","probes":[{"offset":614,"axis":"evidence_sufficient"},{"offset":617,"axis":"still_needed"},{"axis":"full_content_needed","offset":620},{"axis":"unresolved_evidence","offset":623}]}
HID seg0s16 pos=15 sha=25244ab624c23558 first8=[0.0040,-0.0081,0.0452,-0.0041,-0.0080,0.0121,0.0030,0.0006]
HID seg1s16 pos=15 sha=61564faa09831d05 first8=[0.0014,-0.0001,0.1376,0.0097,0.0010,0.0282,-0.0025,0.0050]
HID seg2s16 pos=15 sha=a655de1e5f04629f first8=[-0.1090,0.0768,0.0153,-0.0225,0.1281,0.1117,-0.2261,-0.1624]
HID seg0s16 pos=31 sha=1ebe4682b905286e first8=[0.0052,-0.0066,0.0349,0.0008,0.0004,0.0081,0.0025,-0.0089]
HID seg1s16 pos=31 sha=cf56b9a1ebe75f71 first8=[0.0216,-0.0078,0.1289,-0.0060,0.0189,0.0283,0.0021,-0.0189]
HID seg2s16 pos=31 sha=47a03c42880cf062 first8=[0.0288,-0.1729,0.1826,0.0638,0.1405,-0.0701,-0.0870,-0.2466]
HID seg0s16 pos=47 sha=ad84cc2266660fd5 first8=[0.0087,0.0001,0.0307,-0.0029,-0.0036,0.0014,-0.0045,-0.0022]
HID seg1s16 pos=47 sha=5e314c7e048fcbbe first8=[0.0063,0.0125,0.1205,0.0146,0.0170,0.0057,0.0025,-0.0031]
HID seg2s16 pos=47 sha=8218136cf76ade75 first8=[-0.1175,0.1158,-0.0938,0.1270,0.2003,0.0886,-0.0597,-0.1368]
HID seg0s16 pos=63 sha=0c85b7cc4639d4f9 first8=[-0.0037,-0.0097,0.0340,0.0042,-0.0002,0.0102,-0.0077,-0.0133]
HID seg1s16 pos=63 sha=3c1651ce1ed2892c first8=[-0.0158,0.0004,0.1292,0.0154,-0.0087,0.0183,-0.0007,-0.0305]
HID seg2s16 pos=63 sha=9409e3a1c98d1ec3 first8=[-0.0741,0.1232,0.1750,0.2446,-0.0923,-0.0996,0.1512,-0.1012]
HID seg0s16 pos=79 sha=c6a8ac2f689bfe83 first8=[0.0001,-0.0024,0.0334,0.0014,0.0000,0.0078,-0.0099,-0.0025]
HID seg1s16 pos=79 sha=87013693cc1eeac2 first8=[0.0066,-0.0105,0.1025,-0.0051,-0.0001,0.0112,-0.0000,-0.0262]
HID seg2s16 pos=79 sha=16fc694d577425c7 first8=[-0.2046,0.0327,0.2981,-0.0402,0.0803,0.1857,-0.0610,-0.2888]
HID seg0s16 pos=95 sha=13b00025caf49d42 first8=[0.0023,-0.0071,0.0413,0.0025,-0.0098,0.0019,-0.0016,-0.0037]
HID seg1s16 pos=95 sha=d3508b706bf68447 first8=[-0.0079,-0.0155,0.1016,-0.0024,0.0079,0.0274,0.0087,-0.0136]
HID seg2s16 pos=95 sha=d52f32117691b9e6 first8=[-0.0474,0.1159,0.1813,0.0169,-0.1326,-0.0193,-0.0862,-0.1593]
HID seg0s16 pos=111 sha=57a7504b8005c3d5 first8=[0.0018,-0.0067,0.0409,-0.0009,-0.0058,0.0072,-0.0000,-0.0066]
HID seg1s16 pos=111 sha=147f29a3192f3d50 first8=[-0.0145,-0.0049,0.1024,0.0009,-0.0018,0.0236,0.0002,-0.0124]
HID seg2s16 pos=111 sha=f07864cfbf24c62d first8=[0.0440,0.0658,-0.0215,0.0549,-0.0767,0.1469,-0.0362,0.0028]
HID seg0s16 pos=127 sha=99cdc357d0e52545 first8=[-0.0021,-0.0085,0.0359,-0.0036,-0.0073,-0.0031,-0.0031,-0.0043]
HID seg1s16 pos=127 sha=b233d3c3dbe3f7f9 first8=[-0.0059,-0.0050,0.0726,0.0005,0.0009,0.0207,0.0031,-0.0136]
HID seg2s16 pos=127 sha=2a68551c9317827e first8=[0.2349,-0.1351,0.1691,0.1249,-0.0646,0.1938,0.2585,-0.1869]
HID seg0s16 pos=143 sha=84c1b0aa9d055c2e first8=[0.0038,-0.0047,0.0413,0.0019,-0.0089,-0.0031,0.0020,-0.0172]
HID seg1s16 pos=143 sha=c6e19f1a1fbee43e first8=[-0.0249,0.0077,0.0735,0.0025,0.0170,0.0180,0.0092,-0.0124]
HID seg2s16 pos=143 sha=bcdd35e294d54f56 first8=[0.0998,-0.0131,0.1055,0.0181,-0.0881,-0.1078,-0.0844,-0.0417]
HID seg0s16 pos=159 sha=02e2c03eda43da32 first8=[0.0020,-0.0039,0.0329,-0.0005,-0.0054,0.0080,-0.0028,-0.0093]
HID seg1s16 pos=159 sha=f0abc0278c187268 first8=[-0.0234,-0.0069,0.0833,0.0124,0.0113,0.0146,0.0042,-0.0239]
HID seg2s16 pos=159 sha=d62e34a729454eef first8=[0.0516,0.1359,-0.0886,-0.0181,0.0294,-0.0420,-0.0594,-0.0801]
HID seg0s16 pos=175 sha=fd2798ff094369c4 first8=[-0.0031,-0.0042,0.0302,-0.0042,-0.0050,-0.0022,-0.0031,-0.0009]
HID seg1s16 pos=175 sha=27e59e9ddd77a857 first8=[-0.0062,-0.0015,0.0645,0.0227,-0.0010,-0.0024,-0.0160,-0.0054]
HID seg2s16 pos=175 sha=1a39684c823795a1 first8=[0.0569,-0.1372,0.2053,0.0576,0.0227,0.2012,0.3826,-0.2278]
HID seg0s16 pos=191 sha=c18e66aa3cc9e6f5 first8=[0.0042,-0.0058,0.0357,0.0016,-0.0070,-0.0007,0.0016,-0.0145]
HID seg1s16 pos=191 sha=4f8612cce7497104 first8=[-0.0218,0.0074,0.0760,-0.0072,0.0175,0.0127,-0.0013,-0.0174]
HID seg2s16 pos=191 sha=83c0eb56b1a97f0b first8=[0.1238,0.0670,0.0957,-0.0302,-0.0010,-0.0100,-0.0596,-0.0385]
HID seg0s16 pos=207 sha=3b6587ddc2b04045 first8=[0.0029,-0.0034,0.0284,0.0018,-0.0013,0.0076,-0.0007,-0.0101]
HID seg1s16 pos=207 sha=ba6e6fe020ef010c first8=[-0.0145,-0.0048,0.0831,0.0148,0.0078,0.0126,-0.0031,-0.0261]
HID seg2s16 pos=207 sha=719ef13a945760ea first8=[0.0818,0.1133,-0.0824,-0.0066,0.0293,-0.0477,-0.0397,-0.0898]
HID seg0s16 pos=223 sha=dc172492ddec3dd5 first8=[-0.0055,-0.0042,0.0269,-0.0055,-0.0037,-0.0001,-0.0017,-0.0000]
HID seg1s16 pos=223 sha=b02eea4abc7605ef first8=[-0.0056,0.0059,0.0578,0.0107,0.0009,-0.0097,-0.0007,0.0077]
HID seg2s16 pos=223 sha=76c93f4d10e8c758 first8=[0.0965,-0.1454,0.1840,0.0847,0.0436,0.0362,0.3411,-0.2289]
HID seg0s16 pos=239 sha=01f4a4fe975c2dc6 first8=[0.0034,-0.0046,0.0313,-0.0001,-0.0056,-0.0038,0.0012,-0.0144]
HID seg1s16 pos=239 sha=841e0743266a1b31 first8=[-0.0238,0.0007,0.0770,-0.0051,0.0199,0.0013,0.0056,-0.0033]
HID seg2s16 pos=239 sha=0feb74954da62589 first8=[0.0701,0.0529,0.1414,-0.0180,0.0013,-0.0148,-0.0568,-0.0461]
HID seg0s16 pos=255 sha=f859c0df6891e122 first8=[0.0035,-0.0000,0.0250,-0.0009,-0.0012,0.0052,-0.0031,-0.0077]
HID seg1s16 pos=255 sha=e2221ee6765f0392 first8=[-0.0076,-0.0087,0.0840,0.0195,0.0129,0.0119,-0.0123,-0.0122]
HID seg2s16 pos=255 sha=31f45641081ba20f first8=[0.1318,0.1533,-0.1001,0.0334,0.0558,-0.0793,0.0073,-0.1492]
HID seg0s16 pos=271 sha=4e519b5a8a4219ec first8=[0.0031,-0.0044,0.0273,-0.0035,-0.0042,-0.0013,-0.0001,0.0042]
HID seg1s16 pos=271 sha=8eb4abe060e56ffd first8=[-0.0149,0.0048,0.0715,0.0119,0.0024,-0.0156,-0.0103,0.0265]
HID seg2s16 pos=271 sha=ae7709edf531d352 first8=[0.0127,0.0504,0.0568,0.0146,0.0830,0.0674,0.1044,0.0938]
HID seg0s16 pos=287 sha=c1e1d8e1129c305c first8=[0.0016,0.0013,0.0232,0.0019,0.0014,0.0078,-0.0003,-0.0069]
HID seg1s16 pos=287 sha=665c14961ccde2d7 first8=[-0.0044,-0.0116,0.0735,0.0003,-0.0102,-0.0182,0.0185,-0.0104]
HID seg2s16 pos=287 sha=2b24b53c4d84ae01 first8=[-0.0305,0.1032,0.0952,0.1802,-0.0268,-0.1575,0.1240,-0.1047]
HID seg0s16 pos=303 sha=3a3fb79424161df8 first8=[0.0055,0.0062,0.0173,-0.0045,-0.0022,-0.0133,0.0020,-0.0094]
HID seg1s16 pos=303 sha=4c455fbe47b786b1 first8=[0.0059,0.0162,0.0617,0.0132,0.0103,-0.0304,-0.0008,-0.0232]
HID seg2s16 pos=303 sha=9aea7be05f280038 first8=[0.0159,0.0466,0.0876,0.1869,-0.1302,-0.1223,0.0635,-0.1071]
HID seg0s16 pos=319 sha=44158b5d5cce3910 first8=[0.0050,0.0013,0.0221,-0.0031,-0.0058,-0.0045,-0.0049,0.0046]
HID seg1s16 pos=319 sha=bcb6d0e2ab7325ce first8=[-0.0187,-0.0021,0.0814,0.0077,0.0173,-0.0120,0.0020,0.0001]
HID seg2s16 pos=319 sha=01ef972da2544cef first8=[-0.0075,-0.1124,0.1245,0.0360,0.1017,-0.0223,0.0939,0.1914]
HID seg0s16 pos=335 sha=1324c0376e7fb0b2 first8=[-0.0006,0.0026,0.0217,0.0036,0.0020,0.0034,-0.0019,-0.0037]
HID seg1s16 pos=335 sha=d51e1e41a0aa4659 first8=[0.0064,-0.0148,0.0696,0.0079,-0.0114,-0.0174,0.0171,-0.0227]
HID seg2s16 pos=335 sha=169a95992c1dfa32 first8=[-0.0550,0.1017,0.0781,0.1993,-0.0358,-0.1525,0.1012,-0.1371]
HID seg0s16 pos=351 sha=68d287daa9c8b173 first8=[0.0040,0.0049,0.0123,-0.0037,-0.0034,-0.0110,0.0047,-0.0103]
HID seg1s16 pos=351 sha=017cf9c8cbd1d50c first8=[0.0098,0.0163,0.0461,0.0193,0.0026,-0.0380,-0.0096,-0.0290]
HID seg2s16 pos=351 sha=08a9191429becb2b first8=[0.0033,0.1279,0.0936,0.1895,-0.0983,-0.1505,0.0705,-0.1569]
HID seg0s16 pos=367 sha=609ee58b98752b3f first8=[0.0045,0.0006,0.0184,-0.0040,-0.0052,-0.0052,-0.0050,0.0018]
HID seg1s16 pos=367 sha=87641b14b118f54a first8=[-0.0186,0.0011,0.0859,0.0124,0.0140,-0.0177,-0.0047,-0.0091]
HID seg2s16 pos=367 sha=ee1b3c74c5162c3a first8=[-0.0412,-0.0114,0.0231,0.2573,0.0728,0.0226,0.2200,0.1841]
HID seg0s16 pos=383 sha=d33cb19d701e6201 first8=[-0.0021,-0.0007,0.0163,0.0025,0.0023,0.0024,-0.0024,-0.0041]
HID seg1s16 pos=383 sha=eb460c3ef891bb5f first8=[0.0014,-0.0164,0.0694,0.0204,-0.0086,-0.0218,0.0140,-0.0239]
HID seg2s16 pos=383 sha=ce2bda3e7583c23c first8=[0.0249,0.1624,0.1046,0.2174,-0.0489,-0.1035,0.1696,-0.1409]
HID seg0s16 pos=399 sha=b1ba6a5385ebc5be first8=[0.0034,0.0042,0.0094,-0.0034,0.0003,-0.0103,0.0017,-0.0113]
HID seg1s16 pos=399 sha=75de039441f01328 first8=[0.0103,0.0138,0.0404,0.0127,0.0036,-0.0379,-0.0133,-0.0247]
HID seg2s16 pos=399 sha=6dbb50cd4d104a9f first8=[0.0055,0.0609,0.0361,0.1667,-0.1070,-0.1680,0.0959,-0.0540]
HID seg0s16 pos=415 sha=0ccbc8613dcf7a7d first8=[0.0043,-0.0004,0.0124,-0.0032,-0.0040,-0.0056,-0.0075,0.0017]
HID seg1s16 pos=415 sha=67c0eb026d01fbfc first8=[-0.0163,0.0007,0.0855,0.0071,0.0196,-0.0158,-0.0127,-0.0115]
HID seg2s16 pos=415 sha=3b0ddee66df47c3c first8=[-0.0732,-0.0152,-0.0242,0.1349,0.0423,-0.1409,0.2408,0.1170]
HID seg0s16 pos=431 sha=061ac8920573ea69 first8=[-0.0030,0.0001,0.0152,0.0076,-0.0005,0.0056,-0.0021,-0.0032]
HID seg1s16 pos=431 sha=9857d2d6df838ecf first8=[0.0050,-0.0174,0.0714,0.0280,-0.0073,-0.0152,0.0023,-0.0219]
HID seg2s16 pos=431 sha=f62793ea995542a0 first8=[0.0188,0.1785,0.0840,0.1982,-0.0911,-0.0658,0.1418,-0.1245]
HID seg0s16 pos=447 sha=3cde680c44c41346 first8=[0.0019,0.0020,0.0076,-0.0034,-0.0020,-0.0102,0.0031,-0.0130]
HID seg1s16 pos=447 sha=4c5a7f63668e63b0 first8=[0.0147,0.0188,0.0427,0.0142,0.0071,-0.0408,-0.0159,-0.0210]
HID seg2s16 pos=447 sha=964f4e03d9253d9e first8=[-0.0273,0.0617,0.0305,0.0800,-0.0131,-0.1477,0.1436,-0.1328]
HID seg0s16 pos=463 sha=158990c0bfdacc02 first8=[-0.0005,-0.0023,0.0271,-0.0028,-0.0043,-0.0017,-0.0078,-0.0112]
HID seg1s16 pos=463 sha=fd88710fb15d2d68 first8=[-0.0017,-0.0159,0.0656,0.0154,0.0060,-0.0216,-0.0082,-0.0324]
HID seg2s16 pos=463 sha=c00ee377f52da1dd first8=[-0.0420,0.0970,0.1554,0.1949,0.0629,-0.1302,0.0310,-0.4043]
HID seg0s16 pos=479 sha=5993391753bade76 first8=[0.0014,-0.0082,0.0283,0.0028,-0.0033,0.0129,0.0054,-0.0045]
HID seg1s16 pos=479 sha=5fce189d3b1fd2c4 first8=[-0.0025,-0.0011,0.0609,0.0115,0.0178,0.0230,-0.0083,-0.0083]
HID seg2s16 pos=479 sha=225d74157367b44c first8=[-0.2800,0.1405,0.1318,0.2225,0.1462,0.1676,0.0239,-0.2915]
HID seg0s16 pos=495 sha=86885965dca731ca first8=[-0.0031,0.0028,0.0261,-0.0001,-0.0006,0.0058,-0.0021,-0.0186]
HID seg1s16 pos=495 sha=abee45cf0417e477 first8=[-0.0060,-0.0159,0.0808,-0.0041,-0.0016,0.0196,0.0037,-0.0154]
HID seg2s16 pos=495 sha=f2f2c0fc2dad9634 first8=[-0.0583,-0.1348,0.0957,0.2610,0.0622,0.0116,-0.0446,-0.1362]
HID seg0s16 pos=511 sha=1c3488ff3da3a3b9 first8=[-0.0080,-0.0012,0.0227,-0.0024,-0.0020,0.0054,0.0006,0.0014]
HID seg1s16 pos=511 sha=9c329a9a17d1829a first8=[0.0062,-0.0188,0.0773,-0.0074,-0.0087,0.0266,-0.0123,0.0161]
HID seg2s16 pos=511 sha=9ef003cc74d93464 first8=[0.0737,-0.0784,0.0418,0.0947,0.1671,0.1792,0.0029,0.1140]
HID seg0s16 pos=527 sha=784bb8f2b3ba898e first8=[-0.0041,-0.0010,0.0148,0.0034,-0.0086,0.0099,0.0050,-0.0028]
HID seg1s16 pos=527 sha=f2384bed423e037e first8=[-0.0268,-0.0113,0.0635,0.0091,-0.0016,0.0382,0.0042,-0.0096]
HID seg2s16 pos=527 sha=60155434274b22dd first8=[-0.1116,0.1115,-0.0395,0.0630,0.0706,0.2329,-0.0095,-0.1389]
HID seg0s16 pos=543 sha=1954c0e179f499a6 first8=[0.0000,-0.0046,0.0074,0.0054,-0.0043,0.0076,0.0007,-0.0052]
HID seg1s16 pos=543 sha=6a7da925e3b545c8 first8=[0.0260,-0.0005,0.0344,0.0168,-0.0179,0.0050,-0.0074,-0.0104]
HID seg2s16 pos=543 sha=15cd0e5fa522111e first8=[-0.0605,0.1819,0.1685,0.3765,0.1609,0.2114,0.0207,-0.0448]
HID seg0s16 pos=559 sha=eec312fde8aaac44 first8=[-0.0039,-0.0001,-0.0045,-0.0019,-0.0043,0.0105,-0.0026,0.0108]
HID seg1s16 pos=559 sha=e8e4b3418eb51952 first8=[0.0041,0.0007,0.0174,0.0120,0.0039,0.0242,-0.0007,0.0106]
HID seg2s16 pos=559 sha=e8a34a6e2f1dec02 first8=[0.0030,0.1393,0.1343,-0.0772,0.0235,0.0710,0.2356,0.0308]
HID seg0s16 pos=575 sha=7db48166de204970 first8=[0.0070,0.0069,-0.0067,0.0001,0.0046,0.0080,0.0075,0.0087]
HID seg1s16 pos=575 sha=81f024058ac0418c first8=[0.0210,0.0077,0.0169,-0.0109,-0.0047,0.0103,-0.0117,-0.0121]
HID seg2s16 pos=575 sha=034090dc040874a9 first8=[0.0514,0.2250,0.2729,0.2487,0.0494,-0.1774,0.1285,-0.0549]
HID seg0s16 pos=591 sha=1818bb5339495cbd first8=[0.0012,0.0024,0.0019,-0.0002,-0.0070,0.0115,-0.0035,-0.0063]
HID seg1s16 pos=591 sha=2b48ef71b799d92e first8=[0.0030,-0.0081,0.0291,0.0094,0.0006,0.0182,0.0103,-0.0059]
HID seg2s16 pos=591 sha=a677b1528041f611 first8=[0.2129,0.2450,-0.0198,-0.0278,0.2312,0.1274,-0.0469,-0.0670]
HID seg0s16 pos=607 sha=82b0a7c2669607f0 first8=[0.0018,0.0038,-0.0024,0.0068,0.0010,0.0064,-0.0055,-0.0059]
HID seg1s16 pos=607 sha=5427e74b84b04ce0 first8=[0.0128,-0.0004,0.0069,-0.0082,0.0008,-0.0052,0.0051,-0.0148]
HID seg2s16 pos=607 sha=cac25f6066cbd97d first8=[0.0637,0.1293,0.0983,0.0874,0.0413,-0.0899,0.0983,-0.1351]
HID seg0s16 pos=623 sha=414e9cbcc1964600 first8=[-0.0006,0.0019,0.0034,0.0052,-0.0034,0.0120,-0.0069,-0.0040]
HID seg1s16 pos=623 sha=592c4c4f28b18280 first8=[-0.0051,0.0199,0.0262,0.0009,0.0151,0.0052,0.0268,-0.0180]
HID seg2s16 pos=623 sha=18c9c7bf2728a7d0 first8=[0.0757,-0.0019,0.1055,0.0323,0.0392,0.0541,0.0232,-0.0414]
PROBE_JSON {"offset":6,"abs":{"2243":1.4980750073943973e-07,"794":3.2711198613351307e-09,"18171":1.3042893884477391e-06,"11683":2.1718368182827682e-05,"4547":0.016888840587531151,"2752":1.1875690024196945e-06,"17550":0.00022454943031861748,"12447":0.98156975752738507},"probs":{"2752":1.1891059089046445e-06,"4547":0.016910697480536419,"11683":2.1746475266150591e-05,"12447":0.98284006765058696,"17550":0.00022484003362246367,"18171":1.3059773500022021e-06,"2243":1.5000137589019852e-07,"794":3.2753532198327769e-09}}
PROBE_JSON {"offset":9,"probs":{"2752":0.13123610513376319,"4547":0.061030456729701421,"11683":0.0004446348169542117,"12447":0.18798704111598916,"17550":0.60682960209210479,"18171":0.011114471858913245,"2243":9.1041533019459297e-05,"794":0.0012666467195544355},"abs":{"2243":1.6608141974216269e-05,"794":0.00023106650175847736,"18171":0.0020275441381441589,"11683":8.111197078674883e-05,"4547":0.011133407539408368,"2752":0.023940588365739014,"17550":0.11070015905321691,"12447":0.034293309488756696}}
PROBE_JSON {"offset":12,"abs":{"2243":7.482452485060334e-08,"794":2.1315523510610751e-07,"18171":2.9655957050426325e-06,"11683":9.4048500369209141e-07,"4547":1.3366987095489533e-06,"2752":6.2293090801967375e-06,"17550":7.3553675940418416e-05,"12447":1.517865894611335e-05},"probs":{"2752":0.061987860626742351,"4547":0.013301490139713852,"11683":0.0093587671730305938,"12447":0.15104284971886714,"17550":0.7319326997714537,"18171":0.029510645702884686,"2243":0.00074457891849459058,"794":0.0021211079488129346}}
PROBE_JSON {"offset":15,"probs":{"2752":0.049272274903078346,"4547":0.003379318451739291,"11683":3.6671204429948543e-05,"12447":0.072819701796739994,"17550":0.87337197008631395,"18171":0.0010885663417130364,"2243":5.4934382066503575e-06,"794":2.6003777778702227e-05},"abs":{"2243":1.9626192808048016e-07,"794":9.2902684479932518e-07,"18171":3.8890785885145252e-05,"11683":1.310137843680896e-06,"4547":0.00012073159467478638,"2752":0.001760331382572535,"17550":0.03120262035041713,"12447":0.0026016011356188953}}
SCORE_END {"ms":687539.49329200003,"rss_bytes":828868048,"row":1}
SCORE_BEGIN {"promptDigest":"sha256:75fa606a0a01203e73952f61d8187905826b601feece0d7b731dd9bf2a84749a","row":2,"axis":"","candidateViewDigest":"sha256:a830d92f354eb578ab16995812967614a1cec4d1c88fadfec7157079717401e3","requestId":"sdr-ct-02","promptTokens":624,"candidateId":"cand-ct-02-0001","probes":[{"offset":614,"axis":"evidence_sufficient"},{"offset":617,"axis":"still_needed"},{"axis":"full_content_needed","offset":620},{"axis":"unresolved_evidence","offset":623}]}
HID seg0s16 pos=15 sha=3378010d1979bb2c first8=[0.0065,-0.0041,0.0453,-0.0000,0.0009,-0.0145,-0.0064,-0.0048]
HID seg1s16 pos=15 sha=33783001c638175e first8=[0.0074,-0.0018,0.1719,-0.0005,0.0045,-0.0159,-0.0085,-0.0296]
HID seg2s16 pos=15 sha=f36dc8af5d7d8a26 first8=[-0.0663,0.0079,0.2064,0.1449,0.1399,-0.0438,0.0773,-0.3635]
HID seg0s16 pos=31 sha=8611e6ccef2211b2 first8=[0.0008,0.0085,0.0349,0.0152,0.0036,-0.0015,-0.0054,-0.0107]
HID seg1s16 pos=31 sha=c843dba8acdfb4e9 first8=[-0.0195,0.0054,0.1002,0.0138,-0.0041,0.0061,0.0123,-0.0248]
HID seg2s16 pos=31 sha=5ad38bc89222e09e first8=[-0.1830,0.1180,0.1005,-0.0369,0.1135,-0.0806,0.1672,-0.2412]
HID seg0s16 pos=47 sha=48cf693813ea2cd2 first8=[0.0031,-0.0055,0.0314,0.0041,-0.0017,-0.0008,-0.0085,-0.0010]
HID seg1s16 pos=47 sha=bcad3825ca524b0a first8=[-0.0113,0.0038,0.1460,-0.0027,-0.0033,-0.0058,-0.0130,-0.0175]
HID seg2s16 pos=47 sha=af89dbc5daf99583 first8=[-0.0461,-0.0213,0.2272,0.1340,0.0390,0.0610,0.0470,-0.1277]
HID seg0s16 pos=63 sha=204ccc686593d8c5 first8=[0.0083,0.0045,0.0353,0.0045,-0.0063,-0.0029,-0.0015,-0.0040]
HID seg1s16 pos=63 sha=9059439394cc9aca first8=[0.0094,0.0152,0.0963,0.0011,0.0173,0.0188,-0.0110,-0.0204]
HID seg2s16 pos=63 sha=4461fed690fcfcaf first8=[0.0219,-0.0427,0.0322,0.1460,-0.0382,0.0196,0.0845,-0.1605]
HID seg0s16 pos=79 sha=5765adde0a97b806 first8=[-0.0032,-0.0013,0.0363,0.0006,0.0030,0.0067,-0.0068,0.0001]
HID seg1s16 pos=79 sha=5f74b172b4a434a0 first8=[0.0007,-0.0065,0.0945,-0.0034,0.0026,0.0060,-0.0018,-0.0243]
HID seg2s16 pos=79 sha=d893c9423395bc26 first8=[-0.1945,-0.0321,0.2788,-0.0867,0.0933,0.1732,-0.0703,-0.2537]
HID seg0s16 pos=95 sha=e019bb500b24d336 first8=[0.0011,-0.0058,0.0406,0.0060,-0.0109,0.0054,-0.0047,-0.0061]
HID seg1s16 pos=95 sha=26e65e8d8b9b9f8c first8=[-0.0061,-0.0092,0.1153,-0.0069,0.0041,0.0184,0.0084,-0.0144]
HID seg2s16 pos=95 sha=b06495c092230fc7 first8=[-0.0026,0.0359,0.2114,0.0399,-0.0385,-0.0378,-0.0762,-0.0157]
HID seg0s16 pos=111 sha=50709c24d0e632be first8=[0.0001,-0.0071,0.0392,0.0011,-0.0050,0.0093,0.0007,-0.0047]
HID seg1s16 pos=111 sha=dc97e8c0ddc266ad first8=[-0.0072,-0.0056,0.1077,-0.0089,0.0005,0.0289,-0.0041,-0.0001]
HID seg2s16 pos=111 sha=f2ea3f322e2755d2 first8=[-0.0039,0.1228,0.0228,-0.0001,-0.0683,0.1963,-0.0315,0.0509]
HID seg0s16 pos=127 sha=ccb5e5cdb289804a first8=[-0.0035,-0.0076,0.0358,-0.0048,-0.0054,-0.0019,-0.0047,-0.0004]
HID seg1s16 pos=127 sha=63803c5dc55a75e3 first8=[-0.0048,0.0026,0.0729,0.0039,0.0025,0.0203,-0.0056,-0.0041]
HID seg2s16 pos=127 sha=8b8bdc0d85d07e7f first8=[0.1532,-0.0928,0.2246,0.1061,-0.0733,0.2002,0.2455,-0.1340]
HID seg0s16 pos=143 sha=c4c8215ddc60dd40 first8=[0.0049,-0.0062,0.0383,0.0016,-0.0071,-0.0019,0.0003,-0.0151]
HID seg1s16 pos=143 sha=d2d2271694b0ed98 first8=[-0.0118,0.0008,0.0876,-0.0041,0.0069,0.0002,-0.0085,-0.0242]
HID seg2s16 pos=143 sha=a94336d52712fd92 first8=[-0.0441,-0.0369,0.1411,0.1114,0.0112,-0.0605,0.0382,-0.0529]
HID seg0s16 pos=159 sha=f72b2e11d405911c first8=[0.0036,-0.0032,0.0312,0.0029,-0.0037,0.0095,-0.0021,-0.0113]
HID seg1s16 pos=159 sha=3b31c92c8bf5b849 first8=[-0.0110,-0.0071,0.0884,0.0158,0.0084,0.0337,0.0020,-0.0261]
HID seg2s16 pos=159 sha=f2178f3c84fc67a2 first8=[0.0649,0.1437,-0.0676,-0.0403,0.0005,0.0020,-0.1095,-0.0258]
HID seg0s16 pos=175 sha=9369ff9dc3449982 first8=[-0.0043,-0.0040,0.0277,-0.0057,-0.0037,-0.0027,-0.0031,-0.0014]
HID seg1s16 pos=175 sha=6be02e56c8e297f9 first8=[-0.0092,-0.0028,0.0660,0.0153,-0.0003,0.0008,-0.0015,-0.0041]
HID seg2s16 pos=175 sha=176c0b7451cea9c1 first8=[0.0742,-0.1072,0.2045,0.0959,-0.0006,0.1846,0.2939,-0.2588]
HID seg0s16 pos=191 sha=9d7d9e95c1a815ad first8=[0.0032,-0.0054,0.0323,0.0013,-0.0041,-0.0036,0.0023,-0.0152]
HID seg1s16 pos=191 sha=d3834ac001c21025 first8=[-0.0097,0.0097,0.0898,-0.0048,0.0146,0.0095,0.0012,-0.0165]
HID seg2s16 pos=191 sha=4ebb1affc205cb1c first8=[-0.1252,0.0270,0.1744,0.0584,-0.0146,-0.0480,0.0912,-0.1075]
HID seg0s16 pos=207 sha=4ed26ab2e3a84837 first8=[0.0044,-0.0014,0.0273,0.0021,-0.0016,0.0078,-0.0007,-0.0070]
HID seg1s16 pos=207 sha=a73222d85f35d569 first8=[-0.0068,-0.0083,0.0948,0.0218,0.0110,0.0170,-0.0122,-0.0293]
HID seg2s16 pos=207 sha=758a441f2889cdfb first8=[0.0888,0.1075,-0.0642,-0.0104,0.0387,0.0087,-0.0592,-0.0640]
HID seg0s16 pos=223 sha=d981fcbba186de41 first8=[-0.0062,-0.0024,0.0233,-0.0059,-0.0015,0.0004,-0.0025,-0.0015]
HID seg1s16 pos=223 sha=e5713445b17413ca first8=[-0.0063,0.0043,0.0671,0.0249,0.0012,-0.0072,-0.0022,0.0065]
HID seg2s16 pos=223 sha=015a7da68c4c68c1 first8=[0.0679,-0.0771,0.1589,0.0597,-0.0065,0.1302,0.2761,-0.3125]
HID seg0s16 pos=239 sha=5252d5b3fe4da472 first8=[0.0010,-0.0033,0.0295,-0.0002,-0.0010,-0.0022,0.0011,-0.0145]
HID seg1s16 pos=239 sha=4b43696859797ced first8=[-0.0126,0.0018,0.1002,-0.0057,0.0060,-0.0005,0.0022,-0.0181]
HID seg2s16 pos=239 sha=1eea75e3b1fdf7c8 first8=[-0.1000,0.0276,0.1940,0.0022,-0.0042,0.0456,0.1294,-0.1602]
HID seg0s16 pos=255 sha=ee782eee37dd1e4b first8=[0.0042,-0.0011,0.0223,0.0013,-0.0020,0.0087,-0.0027,-0.0070]
HID seg1s16 pos=255 sha=787da4a9a3377f24 first8=[-0.0108,-0.0118,0.0882,0.0203,0.0139,0.0105,-0.0142,-0.0167]
HID seg2s16 pos=255 sha=8ee1420b9ddd43af first8=[0.0898,0.1576,-0.0725,0.0329,0.0569,-0.0011,-0.0567,-0.1411]
HID seg0s16 pos=271 sha=ff0bca8809ccba29 first8=[0.0006,0.0017,0.0228,-0.0002,-0.0025,0.0019,-0.0027,0.0006]
HID seg1s16 pos=271 sha=dcf907c38b72ae10 first8=[-0.0006,0.0145,0.0623,-0.0004,0.0152,0.0083,-0.0062,0.0001]
HID seg2s16 pos=271 sha=5e7e1b55224fbca7 first8=[-0.0227,0.1721,0.1587,0.0548,0.0045,0.1177,0.0311,-0.0182]
HID seg0s16 pos=287 sha=3374fb3a39e3958e first8=[-0.0003,0.0014,0.0237,0.0038,0.0026,0.0069,-0.0016,-0.0099]
HID seg1s16 pos=287 sha=4a2967d55f411214 first8=[-0.0029,-0.0101,0.0851,0.0103,0.0025,-0.0132,0.0142,-0.0113]
HID seg2s16 pos=287 sha=8a94b1203b34936b first8=[0.0987,0.1534,0.1458,0.1704,-0.0216,-0.0984,0.1212,-0.0364]
HID seg0s16 pos=303 sha=2c93c1192af41f53 first8=[0.0032,0.0050,0.0156,-0.0034,-0.0049,-0.0139,0.0040,-0.0142]
HID seg1s16 pos=303 sha=eafae9bfa772c462 first8=[0.0104,0.0137,0.0672,0.0058,0.0060,-0.0430,-0.0094,-0.0217]
HID seg2s16 pos=303 sha=a6483bed48e53a93 first8=[0.0606,0.0139,0.0897,0.1641,-0.0683,-0.1912,0.1057,-0.1244]
HID seg0s16 pos=319 sha=d8339e8ae658cfa0 first8=[0.0043,0.0010,0.0149,-0.0028,-0.0045,-0.0026,-0.0030,0.0000]
HID seg1s16 pos=319 sha=53293a8c82dbba9a first8=[-0.0185,-0.0015,0.0857,0.0134,0.0144,-0.0077,-0.0025,-0.0112]
HID seg2s16 pos=319 sha=11a022628ac3fd69 first8=[-0.0347,0.0736,-0.0038,0.1415,-0.1195,-0.1569,0.1766,0.1522]
HID seg0s16 pos=335 sha=5ee725ec92a5920d first8=[-0.0010,0.0016,0.0190,0.0069,0.0038,0.0056,-0.0016,-0.0056]
HID seg1s16 pos=335 sha=bd6ce4bff275b84d first8=[0.0035,-0.0166,0.0746,0.0193,-0.0052,-0.0120,0.0102,-0.0199]
HID seg2s16 pos=335 sha=69f658def19de462 first8=[0.0503,0.1384,0.1290,0.1643,-0.0618,-0.1255,0.1185,-0.0335]
HID seg0s16 pos=351 sha=138aaf05b718a444 first8=[0.0011,0.0053,0.0126,-0.0016,-0.0026,-0.0119,0.0045,-0.0145]
HID seg1s16 pos=351 sha=51f833a415e80ae6 first8=[0.0156,0.0094,0.0554,0.0109,0.0141,-0.0313,-0.0144,-0.0265]
HID seg2s16 pos=351 sha=58bb5836752bd6f3 first8=[0.0627,0.0082,0.0438,0.2373,-0.0467,-0.2010,0.0945,-0.0449]
HID seg0s16 pos=367 sha=892d09269d78e7fe first8=[-0.0059,0.0002,0.0185,-0.0023,-0.0025,0.0006,-0.0052,0.0025]
HID seg1s16 pos=367 sha=8a9544e9fd192f05 first8=[-0.0183,0.0014,0.0912,0.0154,0.0157,-0.0063,-0.0150,0.0033]
HID seg2s16 pos=367 sha=b22eeef14d6d4d42 first8=[0.0380,-0.0507,0.1235,0.1201,-0.0496,0.0023,0.0271,0.1724]
HID seg0s16 pos=383 sha=a06ddbf58fd08852 first8=[-0.0013,0.0002,0.0166,0.0061,0.0032,0.0032,-0.0004,-0.0070]
HID seg1s16 pos=383 sha=cd76427bb34c1f57 first8=[0.0011,-0.0224,0.0759,0.0182,-0.0053,-0.0156,0.0170,-0.0250]
HID seg2s16 pos=383 sha=f2ed547513f86abc first8=[0.0398,0.1466,0.1048,0.1963,-0.0838,-0.1066,0.1131,-0.1231]
HID seg0s16 pos=399 sha=9f8c3f0d3e3fe0c6 first8=[0.0040,0.0064,0.0105,-0.0020,-0.0014,-0.0126,0.0046,-0.0166]
HID seg1s16 pos=399 sha=e97d96f954e410c6 first8=[0.0121,0.0041,0.0551,0.0174,0.0087,-0.0389,-0.0092,-0.0244]
HID seg2s16 pos=399 sha=ee8367d2b9be20b3 first8=[0.0454,0.0640,0.0593,0.1853,-0.0223,-0.1628,0.1571,-0.0953]
HID seg0s16 pos=415 sha=f3f3eeddc58e35d6 first8=[-0.0015,0.0031,0.0115,0.0022,-0.0018,-0.0039,-0.0033,-0.0023]
HID seg1s16 pos=415 sha=f03ccc48ff8f32d3 first8=[-0.0193,-0.0011,0.0895,0.0178,0.0171,-0.0166,-0.0118,-0.0045]
HID seg2s16 pos=415 sha=3e5aeb8aac73aa48 first8=[0.0853,-0.0301,0.0214,0.1504,-0.0405,-0.0931,0.2228,0.1896]
HID seg0s16 pos=431 sha=e8d15102cbf687ea first8=[0.0006,0.0011,0.0153,0.0061,0.0018,0.0027,-0.0020,-0.0028]
HID seg1s16 pos=431 sha=a6dabca570d2fa13 first8=[0.0021,-0.0286,0.0745,0.0237,-0.0077,-0.0219,0.0096,-0.0227]
HID seg2s16 pos=431 sha=763af1e2fb172f05 first8=[0.0656,0.1523,0.1052,0.2126,-0.1204,-0.1293,0.1399,-0.1296]
HID seg0s16 pos=447 sha=249f073b4f7ed98d first8=[0.0016,0.0038,0.0076,-0.0012,-0.0017,-0.0093,0.0034,-0.0166]
HID seg1s16 pos=447 sha=2413dd63fb4f26e8 first8=[0.0117,0.0045,0.0522,0.0093,0.0069,-0.0359,-0.0111,-0.0156]
HID seg2s16 pos=447 sha=22a7ed95eac3eeb8 first8=[0.0116,0.0606,0.0357,0.1197,-0.0346,-0.1776,0.1801,-0.0755]
HID seg0s16 pos=463 sha=996b316265abbcb6 first8=[-0.0019,-0.0019,0.0293,-0.0022,-0.0040,-0.0054,-0.0071,-0.0105]
HID seg1s16 pos=463 sha=0af9b6fc02c31b99 first8=[-0.0013,-0.0182,0.0797,0.0123,0.0062,-0.0195,-0.0110,-0.0312]
HID seg2s16 pos=463 sha=e9395dde1c6a5137 first8=[-0.0834,-0.0524,0.1631,0.2091,0.1007,-0.1002,0.1022,-0.3174]
HID seg0s16 pos=479 sha=fb0bddfa2add3b67 first8=[0.0023,-0.0093,0.0274,0.0038,-0.0022,0.0125,0.0055,-0.0038]
HID seg1s16 pos=479 sha=116244e70def9367 first8=[0.0020,-0.0052,0.0684,0.0173,0.0108,0.0251,-0.0029,-0.0114]
HID seg2s16 pos=479 sha=c371ee3b27ce449c first8=[-0.2213,0.1334,0.1409,0.1709,0.1643,0.2097,0.0288,-0.2827]
HID seg0s16 pos=495 sha=ce18f809fa80b15a first8=[-0.0032,0.0014,0.0252,0.0005,-0.0022,0.0045,-0.0019,-0.0178]
HID seg1s16 pos=495 sha=84393a78391246e6 first8=[0.0000,-0.0126,0.0902,-0.0074,-0.0041,0.0202,0.0007,-0.0128]
HID seg2s16 pos=495 sha=2789f479e281dd99 first8=[-0.0684,-0.1094,0.0753,0.2444,0.0593,0.0493,-0.0236,0.0330]
HID seg0s16 pos=511 sha=e234d567724de443 first8=[-0.0081,-0.0011,0.0205,-0.0020,-0.0039,0.0052,0.0004,-0.0008]
HID seg1s16 pos=511 sha=d2edafd7c40c2688 first8=[0.0016,-0.0225,0.0857,-0.0026,-0.0097,0.0162,-0.0092,0.0135]
HID seg2s16 pos=511 sha=f52e9044f3acb4c7 first8=[0.0852,-0.0031,0.0611,0.0997,0.1230,0.1732,0.0247,0.1222]
HID seg0s16 pos=527 sha=249ca5392704f3b0 first8=[-0.0056,-0.0024,0.0147,0.0039,-0.0096,0.0105,0.0060,-0.0020]
HID seg1s16 pos=527 sha=ae3311afa2762654 first8=[-0.0293,-0.0039,0.0667,0.0108,-0.0055,0.0268,-0.0001,-0.0131]
HID seg2s16 pos=527 sha=83a1ecc048a688cd first8=[-0.1505,0.1113,0.0078,0.0809,0.1171,0.1686,-0.0103,-0.1428]
HID seg0s16 pos=543 sha=d61f44d311e31294 first8=[-0.0002,-0.0053,0.0065,0.0033,-0.0047,0.0072,-0.0017,-0.0071]
HID seg1s16 pos=543 sha=ccf0163aa0949b10 first8=[0.0250,0.0002,0.0391,0.0206,-0.0204,0.0018,-0.0062,-0.0139]
HID seg2s16 pos=543 sha=ca6f077a8fdaebc1 first8=[-0.0225,0.1565,0.1790,0.3621,0.2037,0.2383,-0.0245,-0.0561]
HID seg0s16 pos=559 sha=0ea5ab70aa1a0158 first8=[-0.0058,-0.0005,-0.0072,-0.0033,-0.0050,0.0127,-0.0040,0.0104]
HID seg1s16 pos=559 sha=59908534f1e2c1e9 first8=[0.0125,0.0014,0.0215,-0.0099,-0.0082,0.0276,0.0042,-0.0067]
HID seg2s16 pos=559 sha=8f71c37ad70920cf first8=[-0.0677,0.0691,0.1276,-0.1350,0.0199,0.0168,0.2236,-0.0995]
HID seg0s16 pos=575 sha=11a9e34a126219af first8=[0.0079,0.0073,0.0019,-0.0011,0.0033,0.0096,0.0107,0.0105]
HID seg1s16 pos=575 sha=b08e8ab3b34c86b4 first8=[0.0202,-0.0037,0.0210,-0.0130,-0.0108,0.0141,-0.0120,0.0010]
HID seg2s16 pos=575 sha=fce7de9fbd0ef5cb first8=[0.0086,0.1533,0.2834,0.2350,0.0200,-0.1874,0.1174,-0.0260]
HID seg0s16 pos=591 sha=44f2237393a4a072 first8=[0.0030,0.0058,0.0023,0.0000,-0.0097,0.0144,-0.0027,-0.0074]
HID seg1s16 pos=591 sha=673981ccf3d73b57 first8=[0.0063,-0.0032,0.0307,0.0233,0.0007,0.0054,0.0114,-0.0090]
HID seg2s16 pos=591 sha=287fc560ea9b73c0 first8=[0.1209,0.2286,-0.0409,-0.0085,0.2301,0.0908,-0.0406,-0.0397]
HID seg0s16 pos=607 sha=675ec8bcdda15491 first8=[0.0017,0.0022,-0.0030,0.0056,0.0047,0.0067,-0.0018,-0.0076]
HID seg1s16 pos=607 sha=222086b1f069c9ce first8=[0.0141,0.0001,0.0123,-0.0117,0.0033,-0.0023,0.0008,-0.0095]
HID seg2s16 pos=607 sha=f5bf4ec3e9aad958 first8=[0.1620,0.1694,0.1014,0.1062,-0.0446,0.0535,0.1302,-0.2399]
HID seg0s16 pos=623 sha=c7c8510fc9153d44 first8=[-0.0021,-0.0015,0.0033,0.0020,-0.0027,0.0148,-0.0078,-0.0006]
HID seg1s16 pos=623 sha=47382b3f41993d10 first8=[0.0033,0.0092,0.0443,-0.0059,0.0245,0.0025,0.0149,-0.0205]
HID seg2s16 pos=623 sha=328b33cdbab5616f first8=[0.1598,0.0039,0.0938,0.0424,0.1169,0.0176,0.1078,-0.1796]
PROBE_JSON {"offset":6,"abs":{"2243":1.7887220109686629e-07,"794":8.1085705144148286e-09,"18171":1.4403034369804389e-06,"11683":1.6227848531324136e-05,"4547":0.034571720889004898,"2752":1.0455481689969866e-06,"17550":8.9807304288408546e-05,"12447":0.96406722970116876},"probs":{"2752":1.0468591941315511e-06,"4547":0.034615070776054212,"11683":1.6248196821278945e-05,"12447":0.96527608492852834,"17550":8.9919914722514643e-05,"18171":1.4421094503840036e-06,"2243":1.7909649105161592e-07,"794":8.1187379462606372e-09}}
PROBE_JSON {"offset":9,"probs":{"2752":0.14804916234886276,"4547":0.063675151277496359,"11683":0.00042903979446651979,"12447":0.17858137802663598,"17550":0.60413301466105263,"18171":0.0043331484246053459,"2243":0.00010270514115569882,"794":0.00069640032572457851},"abs":{"2243":6.7198729478028822e-06,"794":4.5564629550368379e-05,"18171":0.00028351265135965835,"11683":2.8071553925384968e-05,"4547":0.0041661879989847179,"2752":0.0096866773154500162,"17550":0.039527691178974131,"12447":0.011684363194275829}}
PROBE_JSON {"offset":12,"abs":{"2243":2.2132048680087583e-07,"794":5.6959427980008807e-07,"18171":1.8676277424044298e-06,"11683":6.6592317934691681e-07,"4547":4.0792740292614983e-06,"2752":1.4921364403934704e-05,"17550":4.0560473715031331e-05,"12447":1.0096300186615052e-05},"probs":{"2752":0.20445300680248921,"4547":0.055894341715419196,"11683":0.0091245004566102694,"12447":0.13833982435209838,"17550":0.55576089316501986,"18171":0.025590294371581744,"2243":0.0030325403072052541,"794":0.0078045988295760375}}
PROBE_JSON {"offset":15,"probs":{"2752":0.10632670362711913,"4547":0.0015405530322927263,"11683":5.9144395530375798e-06,"12447":0.015317813984718546,"17550":0.87646034757890001,"18171":0.00032800266810608514,"2243":1.7212000358672668e-06,"794":1.8943469274589204e-05},"abs":{"2243":4.8972028780748842e-07,"794":5.3898448942047025e-06,"18171":9.3324167835959367e-05,"11683":1.6827916452338015e-06,"4547":0.00043832213492660694,"2752":0.030252348836175478,"17550":0.24937276593299482,"12447":0.0043582640697530303}}
SCORE_END {"ms":703460.66145799996,"rss_bytes":1225148168,"row":2}
SCORE_BEGIN {"promptDigest":"sha256:8fc8b509ae541edcb751908f572fb55c848a47f89a2b4ac2281068ff7be2662d","row":3,"axis":"","candidateViewDigest":"sha256:d48c623802b035df72b69227dea5728e89522290b7fd152f7267458eb09ec0b5","requestId":"sdr-ct-03","promptTokens":624,"candidateId":"cand-ct-03-0001","probes":[{"offset":614,"axis":"evidence_sufficient"},{"offset":617,"axis":"still_needed"},{"axis":"full_content_needed","offset":620},{"axis":"unresolved_evidence","offset":623}]}
HID seg0s16 pos=15 sha=3378010d1979bb2c first8=[0.0065,-0.0041,0.0453,-0.0000,0.0009,-0.0145,-0.0064,-0.0048]
HID seg1s16 pos=15 sha=33783001c638175e first8=[0.0074,-0.0018,0.1719,-0.0005,0.0045,-0.0159,-0.0085,-0.0296]
HID seg2s16 pos=15 sha=f36dc8af5d7d8a26 first8=[-0.0663,0.0079,0.2064,0.1449,0.1399,-0.0438,0.0773,-0.3635]
HID seg0s16 pos=31 sha=8611e6ccef2211b2 first8=[0.0008,0.0085,0.0349,0.0152,0.0036,-0.0015,-0.0054,-0.0107]
HID seg1s16 pos=31 sha=c843dba8acdfb4e9 first8=[-0.0195,0.0054,0.1002,0.0138,-0.0041,0.0061,0.0123,-0.0248]
HID seg2s16 pos=31 sha=5ad38bc89222e09e first8=[-0.1830,0.1180,0.1005,-0.0369,0.1135,-0.0806,0.1672,-0.2412]
HID seg0s16 pos=47 sha=48cf693813ea2cd2 first8=[0.0031,-0.0055,0.0314,0.0041,-0.0017,-0.0008,-0.0085,-0.0010]
HID seg1s16 pos=47 sha=bcad3825ca524b0a first8=[-0.0113,0.0038,0.1460,-0.0027,-0.0033,-0.0058,-0.0130,-0.0175]
HID seg2s16 pos=47 sha=af89dbc5daf99583 first8=[-0.0461,-0.0213,0.2272,0.1340,0.0390,0.0610,0.0470,-0.1277]
HID seg0s16 pos=63 sha=204ccc686593d8c5 first8=[0.0083,0.0045,0.0353,0.0045,-0.0063,-0.0029,-0.0015,-0.0040]
HID seg1s16 pos=63 sha=9059439394cc9aca first8=[0.0094,0.0152,0.0963,0.0011,0.0173,0.0188,-0.0110,-0.0204]
HID seg2s16 pos=63 sha=4461fed690fcfcaf first8=[0.0219,-0.0427,0.0322,0.1460,-0.0382,0.0196,0.0845,-0.1605]
HID seg0s16 pos=79 sha=f1635c0e8700b41f first8=[-0.0023,-0.0007,0.0358,0.0005,0.0040,0.0079,-0.0066,0.0026]
HID seg1s16 pos=79 sha=8b17c211d783f7be first8=[0.0045,-0.0001,0.0872,-0.0037,0.0004,0.0036,0.0058,-0.0206]
HID seg2s16 pos=79 sha=6cd84e4554e3f72d first8=[-0.2075,-0.0236,0.2720,-0.0564,0.1057,0.1611,-0.0830,-0.2561]
HID seg0s16 pos=95 sha=37aef2408bbdd8a3 first8=[0.0028,-0.0056,0.0420,0.0039,-0.0102,0.0081,-0.0025,-0.0042]
HID seg1s16 pos=95 sha=fa3a2a719ec9b87a first8=[-0.0056,-0.0133,0.1102,-0.0050,0.0071,0.0242,0.0123,-0.0158]
HID seg2s16 pos=95 sha=7a96b2d57d55f904 first8=[-0.0505,0.0195,0.2223,0.0522,-0.0294,-0.0494,-0.1499,-0.1418]
HID seg0s16 pos=111 sha=bd583461a47a0f5f first8=[0.0012,-0.0074,0.0396,0.0019,-0.0042,0.0114,-0.0006,-0.0058]
HID seg1s16 pos=111 sha=0061b524d5b5f2c0 first8=[-0.0056,-0.0038,0.1089,-0.0048,-0.0009,0.0294,0.0046,-0.0004]
HID seg2s16 pos=111 sha=c58207b49eb2312c first8=[0.0342,0.1282,0.0289,0.0185,-0.0883,0.1608,-0.0504,0.0009]
HID seg0s16 pos=127 sha=b9ee5187b56046aa first8=[-0.0036,-0.0054,0.0361,-0.0049,-0.0055,-0.0031,-0.0027,-0.0042]
HID seg1s16 pos=127 sha=044f069805368dc0 first8=[-0.0027,-0.0007,0.0762,0.0069,-0.0009,0.0147,-0.0100,-0.0137]
HID seg2s16 pos=127 sha=c4c8640cf514b121 first8=[0.1785,-0.0815,0.2103,0.1193,-0.1129,0.1919,0.2283,-0.1962]
HID seg0s16 pos=143 sha=6625784ee52e5302 first8=[0.0053,-0.0039,0.0394,-0.0008,-0.0071,-0.0022,0.0009,-0.0135]
HID seg1s16 pos=143 sha=0ad74b30afde86ef first8=[-0.0210,-0.0051,0.1017,-0.0034,0.0092,0.0092,-0.0071,-0.0162]
HID seg2s16 pos=143 sha=9a60268cb0381f84 first8=[0.0013,0.0223,0.2261,-0.0771,0.0464,-0.1527,-0.0239,-0.0872]
HID seg0s16 pos=159 sha=6916dc4787e812f1 first8=[0.0019,-0.0036,0.0323,0.0017,-0.0035,0.0081,-0.0027,-0.0100]
HID seg1s16 pos=159 sha=ed4acaa258866b8c first8=[-0.0082,0.0025,0.0928,0.0121,0.0004,0.0246,0.0017,-0.0348]
HID seg2s16 pos=159 sha=38d8cfb6ea050b3d first8=[0.0706,0.1466,-0.1409,-0.0476,-0.0255,0.0106,-0.1254,-0.0408]
HID seg0s16 pos=175 sha=037db933167dd3df first8=[-0.0044,-0.0036,0.0287,-0.0059,-0.0050,0.0004,-0.0034,-0.0019]
HID seg1s16 pos=175 sha=72dbb9c99371b8fc first8=[-0.0049,-0.0022,0.0650,0.0159,0.0032,0.0025,-0.0086,-0.0037]
HID seg2s16 pos=175 sha=dfc5ff486ca89de6 first8=[0.0503,-0.0627,0.2128,0.1213,-0.0067,0.2620,0.2705,-0.2593]
HID seg0s16 pos=191 sha=fc1dbaaead73efa3 first8=[0.0039,-0.0034,0.0327,-0.0002,-0.0046,-0.0032,0.0001,-0.0140]
HID seg1s16 pos=191 sha=4bb02331ddea88fa first8=[-0.0127,0.0082,0.0911,0.0025,0.0069,0.0105,0.0001,-0.0126]
HID seg2s16 pos=191 sha=91423dd7e826df6c first8=[-0.1010,0.0283,0.1898,-0.0558,0.0501,-0.1426,0.0478,-0.0819]
HID seg0s16 pos=207 sha=6b9eb94a6e21d539 first8=[0.0035,-0.0026,0.0285,0.0019,-0.0017,0.0097,-0.0009,-0.0083]
HID seg1s16 pos=207 sha=14f4f4cd2d3e3683 first8=[-0.0052,-0.0089,0.0924,0.0249,0.0053,0.0237,-0.0103,-0.0229]
HID seg2s16 pos=207 sha=6e13fb04c41e8ff5 first8=[0.0474,0.1236,-0.0911,-0.0433,0.0342,0.0282,-0.0702,-0.0917]
HID seg0s16 pos=223 sha=89b03f441d03ae84 first8=[-0.0062,-0.0031,0.0242,-0.0051,-0.0023,0.0010,-0.0010,-0.0023]
HID seg1s16 pos=223 sha=d506934c9859d924 first8=[-0.0027,-0.0012,0.0629,0.0217,-0.0016,-0.0066,-0.0007,-0.0019]
HID seg2s16 pos=223 sha=0eb645aa7319f7e9 first8=[0.0751,-0.0599,0.1650,0.0853,0.0101,0.1903,0.2734,-0.2795]
HID seg0s16 pos=239 sha=c1e3dc3429b1a127 first8=[0.0031,-0.0002,0.0320,0.0003,-0.0007,-0.0033,0.0008,-0.0157]
HID seg1s16 pos=239 sha=331ff8c5ceb48ae5 first8=[-0.0062,-0.0008,0.1023,0.0029,0.0041,0.0006,-0.0016,-0.0228]
HID seg2s16 pos=239 sha=fd16e9eaaa5f0c98 first8=[-0.1202,0.0377,0.2017,-0.1002,0.0292,-0.1599,0.0702,-0.1024]
HID seg0s16 pos=255 sha=5d0d5e83601d8ae2 first8=[0.0038,-0.0023,0.0251,0.0007,-0.0006,0.0063,-0.0011,-0.0074]
HID seg1s16 pos=255 sha=003d2c412c418a53 first8=[-0.0136,-0.0067,0.0954,0.0211,0.0136,0.0163,-0.0172,-0.0164]
HID seg2s16 pos=255 sha=c43eac78c786cf8a first8=[0.0989,0.1898,-0.0679,-0.0136,0.0461,0.0140,-0.0432,-0.1332]
HID seg0s16 pos=271 sha=5b5e7cf956504a5b first8=[0.0005,-0.0046,0.0245,-0.0041,-0.0032,-0.0044,-0.0026,0.0048]
HID seg1s16 pos=271 sha=28b791fa76e6532e first8=[-0.0181,0.0073,0.0717,0.0071,-0.0004,-0.0257,-0.0148,0.0274]
HID seg2s16 pos=271 sha=99ad39286e937f4a first8=[0.0472,0.0897,0.0764,0.0052,-0.0006,0.1131,0.0804,0.0858]
HID seg0s16 pos=287 sha=adc5f097bbb20221 first8=[0.0005,0.0031,0.0231,0.0025,0.0021,0.0044,-0.0021,-0.0092]
HID seg1s16 pos=287 sha=4e9ae2b468137596 first8=[-0.0029,-0.0068,0.0770,0.0041,-0.0057,-0.0140,0.0105,-0.0152]
HID seg2s16 pos=287 sha=8cba951b5f1cc9ba first8=[0.0153,0.1082,0.1178,0.1625,-0.0903,-0.0527,0.1165,-0.0848]
HID seg0s16 pos=303 sha=5a74462e88918b06 first8=[0.0033,0.0072,0.0160,-0.0045,0.0008,-0.0123,0.0032,-0.0087]
HID seg1s16 pos=303 sha=4de1def53e815862 first8=[0.0116,0.0093,0.0641,0.0139,0.0081,-0.0340,-0.0026,-0.0196]
HID seg2s16 pos=303 sha=07954e36daf3cd08 first8=[0.0197,0.0486,0.0749,0.1893,-0.1276,-0.0925,0.0743,-0.1237]
HID seg0s16 pos=319 sha=a552a801fbf567db first8=[0.0025,0.0002,0.0196,-0.0006,-0.0049,-0.0050,-0.0043,0.0022]
HID seg1s16 pos=319 sha=892a306c4214c252 first8=[-0.0255,0.0056,0.0825,0.0137,0.0145,-0.0119,-0.0012,-0.0047]
HID seg2s16 pos=319 sha=510265e3ff400291 first8=[0.0118,-0.1488,0.0913,0.0566,0.0846,0.0338,0.0986,0.2264]
HID seg0s16 pos=335 sha=97525746371f5e7c first8=[-0.0001,0.0014,0.0177,0.0043,0.0030,0.0041,-0.0037,-0.0052]
HID seg1s16 pos=335 sha=4952229448f12a34 first8=[-0.0017,-0.0157,0.0707,0.0114,-0.0075,-0.0172,0.0111,-0.0217]
HID seg2s16 pos=335 sha=17ea12b810f9d889 first8=[-0.0200,0.1251,0.1044,0.1497,-0.0792,-0.1001,0.0925,-0.0579]
HID seg0s16 pos=351 sha=3f0b455743d97fd8 first8=[0.0024,0.0048,0.0127,-0.0023,-0.0027,-0.0105,0.0045,-0.0119]
HID seg1s16 pos=351 sha=99a2341b0d84499c first8=[0.0094,0.0087,0.0527,0.0184,0.0032,-0.0451,-0.0132,-0.0289]
HID seg2s16 pos=351 sha=efa67828fe47216d first8=[0.0053,0.0792,0.0795,0.2179,-0.0911,-0.1234,0.0720,-0.2045]
HID seg0s16 pos=367 sha=b03b902e86eb9a4f first8=[0.0023,0.0004,0.0146,-0.0028,-0.0040,-0.0028,-0.0052,0.0026]
HID seg1s16 pos=367 sha=559ff77d86456871 first8=[-0.0240,0.0066,0.0853,0.0143,0.0138,-0.0153,-0.0096,-0.0122]
HID seg2s16 pos=367 sha=cd8004c8990a6248 first8=[-0.0357,-0.0547,0.0525,0.2747,0.0717,0.0486,0.1892,0.1793]
HID seg0s16 pos=383 sha=83b4f18a53c65b9e first8=[-0.0022,0.0006,0.0176,0.0041,0.0026,0.0046,-0.0049,-0.0029]
HID seg1s16 pos=383 sha=7ad81e038eb25734 first8=[-0.0014,-0.0242,0.0751,0.0234,-0.0064,-0.0196,0.0051,-0.0208]
HID seg2s16 pos=383 sha=6056029ef8a17398 first8=[0.0594,0.1973,0.1295,0.1592,-0.0760,-0.0729,0.1083,-0.1041]
HID seg0s16 pos=399 sha=f54e81347d02475f first8=[0.0017,0.0035,0.0082,-0.0007,-0.0014,-0.0100,0.0023,-0.0121]
HID seg1s16 pos=399 sha=aa4d4820f560c3ce first8=[0.0133,0.0093,0.0518,0.0142,0.0054,-0.0360,-0.0182,-0.0333]
HID seg2s16 pos=399 sha=fda25df4fa0f3b91 first8=[-0.0028,0.0699,-0.0038,0.2096,-0.1039,-0.1583,0.0665,-0.0903]
HID seg0s16 pos=415 sha=6b0440b6757738ff first8=[0.0028,-0.0006,0.0102,0.0009,-0.0024,-0.0056,-0.0052,-0.0038]
HID seg1s16 pos=415 sha=b1ae82891a4f4d03 first8=[-0.0217,0.0036,0.0884,0.0139,0.0172,-0.0133,-0.0126,-0.0136]
HID seg2s16 pos=415 sha=7d831b320536efd5 first8=[-0.0324,-0.0278,-0.0301,0.1122,0.0297,-0.0839,0.1794,0.1486]
HID seg0s16 pos=431 sha=a22bf47d39c2a989 first8=[-0.0012,0.0018,0.0150,0.0093,0.0003,0.0054,-0.0020,-0.0051]
HID seg1s16 pos=431 sha=36060aba9e2e362a first8=[-0.0009,-0.0277,0.0728,0.0276,-0.0044,-0.0112,-0.0047,-0.0223]
HID seg2s16 pos=431 sha=ba5e1279a55556ae first8=[0.0198,0.1855,0.1049,0.1648,-0.0958,-0.0692,0.0881,-0.0758]
HID seg0s16 pos=447 sha=154a82c1b659e2e0 first8=[-0.0008,0.0024,0.0078,-0.0005,-0.0013,-0.0132,0.0049,-0.0154]
HID seg1s16 pos=447 sha=290f0de00f550643 first8=[0.0064,0.0131,0.0547,0.0188,0.0076,-0.0343,-0.0173,-0.0288]
HID seg2s16 pos=447 sha=94105829b5dbb28e first8=[-0.0253,0.0682,0.0481,0.1272,-0.0402,-0.1190,0.1406,-0.1273]
HID seg0s16 pos=463 sha=61b651d01c5ea5a1 first8=[-0.0017,-0.0019,0.0286,-0.0032,-0.0001,-0.0040,-0.0087,-0.0086]
HID seg1s16 pos=463 sha=04ea55e20c0d6de6 first8=[-0.0097,-0.0157,0.0773,0.0155,0.0082,-0.0122,-0.0075,-0.0255]
HID seg2s16 pos=463 sha=beaef786bf41aad6 first8=[-0.0904,0.0130,0.1615,0.1876,0.0494,-0.1320,0.0466,-0.3816]
HID seg0s16 pos=479 sha=9bcabb741903fec0 first8=[0.0035,-0.0081,0.0277,0.0043,-0.0039,0.0120,0.0060,-0.0039]
HID seg1s16 pos=479 sha=6bd33ab9e81e30ec first8=[0.0027,-0.0004,0.0635,0.0182,0.0141,0.0275,-0.0011,-0.0106]
HID seg2s16 pos=479 sha=fa605b8f5090caab first8=[-0.2729,0.1689,0.1606,0.1683,0.1442,0.2280,0.0294,-0.2925]
HID seg0s16 pos=495 sha=f0229e8405630343 first8=[-0.0038,0.0037,0.0260,0.0016,-0.0005,0.0062,-0.0013,-0.0164]
HID seg1s16 pos=495 sha=52202fd35f318546 first8=[-0.0039,-0.0162,0.0895,-0.0057,-0.0038,0.0253,-0.0033,-0.0099]
HID seg2s16 pos=495 sha=ab150d242396c74d first8=[-0.0766,-0.0918,0.0797,0.2712,0.0493,0.0266,-0.0420,-0.0150]
HID seg0s16 pos=511 sha=2054d0bad9d08478 first8=[-0.0065,0.0002,0.0217,-0.0027,-0.0017,0.0062,-0.0020,-0.0002]
HID seg1s16 pos=511 sha=71e779b0d1624016 first8=[0.0000,-0.0204,0.0824,-0.0045,-0.0107,0.0195,-0.0193,0.0146]
HID seg2s16 pos=511 sha=dc4fb90e613e0e3f first8=[0.1127,-0.0064,0.0587,0.0635,0.1028,0.2222,-0.0048,0.1206]
HID seg0s16 pos=527 sha=53f40aabb5eb0330 first8=[-0.0052,-0.0024,0.0152,0.0037,-0.0087,0.0122,0.0036,-0.0022]
HID seg1s16 pos=527 sha=b73754787de41e61 first8=[-0.0291,-0.0121,0.0637,0.0130,-0.0025,0.0369,0.0039,-0.0110]
HID seg2s16 pos=527 sha=954b9833782c7855 first8=[-0.1733,0.0903,0.0049,0.0798,0.0803,0.1677,-0.0309,-0.1566]
HID seg0s16 pos=543 sha=5131bfcb1cc91efd first8=[0.0009,-0.0054,0.0079,0.0058,-0.0052,0.0064,0.0004,-0.0076]
HID seg1s16 pos=543 sha=d2f5442418792afb first8=[0.0264,-0.0020,0.0319,0.0206,-0.0180,0.0036,-0.0064,-0.0114]
HID seg2s16 pos=543 sha=62b87937e825d7c3 first8=[-0.0276,0.1379,0.2107,0.3982,0.2087,0.2034,0.0027,-0.0742]
HID seg0s16 pos=559 sha=8d745bc91c1abf35 first8=[-0.0044,-0.0008,-0.0072,-0.0029,-0.0056,0.0153,-0.0031,0.0115]
HID seg1s16 pos=559 sha=de952bb16945aa2c first8=[0.0200,0.0013,0.0257,-0.0071,-0.0068,0.0342,0.0035,-0.0063]
HID seg2s16 pos=559 sha=88e737cde648bbc2 first8=[-0.0677,0.0706,0.1697,-0.1598,0.0396,-0.0139,0.2418,-0.0602]
HID seg0s16 pos=575 sha=71145e6dc37852ba first8=[0.0084,0.0087,0.0037,0.0013,0.0037,0.0079,0.0115,0.0118]
HID seg1s16 pos=575 sha=7d36b84c8c723d02 first8=[0.0188,-0.0011,0.0281,-0.0108,-0.0115,0.0105,-0.0091,0.0020]
HID seg2s16 pos=575 sha=254c8cb14ff1b650 first8=[0.0002,0.1681,0.3030,0.2423,0.0001,-0.1727,0.1090,-0.0651]
HID seg0s16 pos=591 sha=f47e55cc501d8cef first8=[0.0026,0.0026,0.0032,0.0005,-0.0063,0.0112,-0.0022,-0.0040]
HID seg1s16 pos=591 sha=94043038159daae5 first8=[0.0141,0.0013,0.0406,0.0118,-0.0013,0.0164,0.0094,-0.0163]
HID seg2s16 pos=591 sha=53962697208dde50 first8=[0.0865,0.2244,0.0258,0.0351,0.2039,0.1292,-0.0220,-0.0778]
HID seg0s16 pos=607 sha=8da341369ad7b691 first8=[0.0022,0.0022,-0.0042,0.0055,0.0018,0.0032,-0.0041,-0.0084]
HID seg1s16 pos=607 sha=457abe63216ac93e first8=[0.0158,-0.0021,0.0124,-0.0115,0.0001,-0.0084,0.0041,-0.0242]
HID seg2s16 pos=607 sha=d907d05532e63fc7 first8=[0.0854,0.1238,0.1465,0.0743,-0.0530,-0.1096,0.1276,-0.1788]
HID seg0s16 pos=623 sha=357727802b6604c4 first8=[-0.0011,0.0034,0.0058,0.0040,-0.0043,0.0119,-0.0077,-0.0026]
HID seg1s16 pos=623 sha=b72df4d4c4655010 first8=[-0.0093,0.0146,0.0399,-0.0038,0.0178,0.0007,0.0229,-0.0223]
HID seg2s16 pos=623 sha=eab6acd3d8ac20ea first8=[0.0048,-0.0320,0.1052,0.0068,0.0541,0.0879,0.0795,-0.0995]
PROBE_JSON {"offset":6,"abs":{"2243":7.5112993650673801e-10,"794":2.7981388487274996e-11,"18171":1.6475316362882239e-07,"11683":1.3370197860071979e-06,"4547":0.0012443649479799955,"2752":1.4795042017104282e-08,"17550":4.6039770397494812e-05,"12447":0.99837136651992731},"probs":{"2752":1.480002535457742e-08,"4547":0.0012447840809887668,"11683":1.3374701274657915e-06,"12447":0.99870764278309276,"17550":4.6055277735210466e-05,"18171":1.6480865658471807e-07,"2243":7.51382935717924e-10,"794":2.7990813313621409e-11}}
PROBE_JSON {"offset":9,"probs":{"2752":0.13361853511605942,"4547":0.021141522281437335,"11683":0.00024231638937200736,"12447":0.079787271552444541,"17550":0.75700055559339718,"18171":0.0076569519543691041,"2243":3.178499319712151e-05,"794":0.00052106211972328845},"abs":{"2243":5.6196272464184414e-06,"794":9.2124445863927959e-05,"18171":0.0013537588496695455,"11683":4.2841846009644337e-05,"4547":0.0037378480437833522,"2752":0.023623927049722569,"17550":0.13383866157793628,"12447":0.01410649114671227}}
PROBE_JSON {"offset":12,"abs":{"2243":4.8664889219177467e-09,"794":2.6103260149891836e-08,"18171":1.2001300638994798e-06,"11683":1.2070025206798321e-07,"4547":1.6627162004854753e-07,"2752":1.6792838747412865e-06,"17550":2.7529067253947816e-05,"12447":2.6418843658981599e-06},"probs":{"2752":0.050325713728868827,"4547":0.0049829204446375092,"11683":0.0036172123271959911,"12447":0.079173460963202644,"17550":0.82500640819789639,"18171":0.035966165662442991,"2243":0.00014584164835553797,"794":0.00078227702740016585}}
PROBE_JSON {"offset":15,"probs":{"2752":0.0039635923010145242,"4547":9.5425280657662003e-05,"11683":2.2314094959425194e-05,"12447":0.023532931033196619,"17550":0.9698590588428313,"18171":0.0025194125538040221,"2243":4.0710354717287211e-07,"794":6.8587899891626764e-06},"abs":{"2243":6.2588345622589054e-08,"794":1.0544745222084204e-06,"18171":0.00038733601015865458,"11683":3.4305824581349683e-06,"4547":1.4670740376521825e-05,"2752":0.0006093650781617677,"17550":0.14910671842974063,"12447":0.0036179670534602745}}
SCORE_END {"ms":685277.85658400005,"rss_bytes":1619920936,"row":3}
SCORE_BEGIN {"promptDigest":"sha256:1177823aba466afa1b7e507d4f958a193fa6aba3abd6bbde233781b720f2323c","row":4,"axis":"","candidateViewDigest":"sha256:d3d1d66f80a3cc3c598c509be0c040757f81be87567e76c72cdb97e68e617d50","requestId":"sdr-ct-04","promptTokens":624,"candidateId":"cand-ct-04-0001","probes":[{"offset":614,"axis":"evidence_sufficient"},{"offset":617,"axis":"still_needed"},{"axis":"full_content_needed","offset":620},{"axis":"unresolved_evidence","offset":623}]}
HID seg0s16 pos=15 sha=fa18b8c4afcf9cb5 first8=[0.0108,0.0035,0.0431,-0.0039,0.0015,-0.0072,0.0065,-0.0056]
HID seg1s16 pos=15 sha=3278f4b8fed1089f first8=[-0.0029,0.0126,0.1613,-0.0055,0.0045,-0.0058,-0.0142,0.0029]
HID seg2s16 pos=15 sha=485530932e984487 first8=[-0.0600,0.0363,0.2362,0.1053,0.0512,0.0757,0.1575,-0.0275]
HID seg0s16 pos=31 sha=207e621acb1054db first8=[0.0014,-0.0001,0.0375,0.0084,0.0018,0.0029,-0.0028,-0.0176]
HID seg1s16 pos=31 sha=1f6d95b5f97e41b5 first8=[0.0166,0.0028,0.1044,0.0091,0.0196,-0.0104,0.0040,-0.0371]
HID seg2s16 pos=31 sha=fa1e6b5b91898344 first8=[-0.0024,0.1523,-0.0016,0.0619,0.1637,0.0790,-0.0441,-0.3594]
HID seg0s16 pos=47 sha=29a6ce3c850133ff first8=[0.0064,-0.0001,0.0374,0.0113,-0.0108,0.0011,-0.0075,-0.0085]
HID seg1s16 pos=47 sha=f83ff91a75b1efb4 first8=[-0.0044,-0.0051,0.1315,-0.0050,0.0141,-0.0137,-0.0136,-0.0103]
HID seg2s16 pos=47 sha=6e9e77213e0454c9 first8=[-0.1606,0.0187,0.2808,-0.0226,0.1732,-0.0126,-0.0041,-0.2222]
HID seg0s16 pos=63 sha=aaec0a92790b6f4a first8=[0.0033,0.0000,0.0356,0.0063,-0.0098,-0.0064,0.0004,0.0111]
HID seg1s16 pos=63 sha=a64dc380e8de1e6a first8=[0.0189,-0.0166,0.0951,-0.0002,0.0248,0.0076,-0.0120,0.0212]
HID seg2s16 pos=63 sha=5d91e77fcf775027 first8=[-0.1385,0.1698,-0.1155,0.0719,-0.1411,-0.1770,0.0624,-0.0459]
HID seg0s16 pos=79 sha=b2472dc1b0591234 first8=[-0.0007,-0.0024,0.0305,0.0015,0.0018,0.0078,-0.0081,-0.0027]
HID seg1s16 pos=79 sha=9f6225d8df4e7aae first8=[0.0024,-0.0071,0.0970,0.0002,0.0010,0.0065,-0.0003,-0.0271]
HID seg2s16 pos=79 sha=f474e8f9363bca2f first8=[-0.1625,-0.0039,0.2693,-0.0624,0.0199,0.1959,-0.0908,-0.2871]
HID seg0s16 pos=95 sha=e98813338c822847 first8=[0.0028,-0.0067,0.0397,0.0025,-0.0091,0.0071,-0.0029,-0.0091]
HID seg1s16 pos=95 sha=cf29cbe1b88bbf8d first8=[-0.0077,-0.0106,0.1197,-0.0002,0.0061,0.0226,0.0035,-0.0216]
HID seg2s16 pos=95 sha=6d001b87d7f0bd89 first8=[0.0189,0.0741,0.2527,0.0131,-0.0428,-0.0406,-0.0492,-0.1033]
HID seg0s16 pos=111 sha=c571165718d2ce02 first8=[0.0010,-0.0080,0.0398,-0.0014,-0.0045,0.0075,0.0000,-0.0057]
HID seg1s16 pos=111 sha=dd60e491b8ff889b first8=[-0.0050,-0.0054,0.1171,-0.0164,0.0068,0.0295,-0.0122,-0.0056]
HID seg2s16 pos=111 sha=aee5c193a1603121 first8=[0.0502,0.1870,0.0382,-0.0107,-0.1100,0.2150,-0.0563,0.0977]
HID seg0s16 pos=127 sha=0c73520da44bf7f3 first8=[-0.0017,-0.0065,0.0331,-0.0061,-0.0054,-0.0038,0.0006,0.0010]
HID seg1s16 pos=127 sha=85a941d6967bc7ad first8=[-0.0109,-0.0010,0.0742,0.0003,-0.0011,0.0246,-0.0012,-0.0054]
HID seg2s16 pos=127 sha=82442b007ec966ed first8=[0.1639,-0.1154,0.2117,0.0091,-0.0110,0.1740,0.2622,-0.1093]
HID seg0s16 pos=143 sha=cf622193ad6aa450 first8=[0.0069,-0.0051,0.0370,-0.0020,-0.0063,-0.0034,0.0003,-0.0181]
HID seg1s16 pos=143 sha=49b91879601ef3ce first8=[-0.0148,-0.0021,0.1021,-0.0049,-0.0052,0.0044,-0.0034,-0.0156]
HID seg2s16 pos=143 sha=68aa3a5b2c452196 first8=[0.1161,-0.0236,0.1923,-0.0047,0.0489,0.0402,0.0346,-0.0434]
HID seg0s16 pos=159 sha=c446315fd9aebd02 first8=[0.0016,-0.0035,0.0311,-0.0009,-0.0025,0.0097,-0.0011,-0.0107]
HID seg1s16 pos=159 sha=efecc25b057c6292 first8=[-0.0043,-0.0050,0.0797,0.0056,-0.0029,0.0300,0.0034,-0.0309]
HID seg2s16 pos=159 sha=b03ac6b2cbc081d2 first8=[0.0435,0.1571,-0.0665,-0.1146,-0.0036,0.0953,-0.2069,-0.0283]
HID seg0s16 pos=175 sha=ccfcba56db89e0e5 first8=[-0.0031,-0.0053,0.0262,-0.0036,-0.0052,0.0023,-0.0036,-0.0022]
HID seg1s16 pos=175 sha=3d1129f5379304fc first8=[-0.0085,-0.0059,0.0536,0.0242,-0.0042,0.0001,-0.0108,-0.0128]
HID seg2s16 pos=175 sha=f6818f244cf079c0 first8=[0.0605,-0.1000,0.2231,0.0706,-0.0185,0.2961,0.2837,-0.2932]
HID seg0s16 pos=191 sha=59e3c45472a94daa first8=[0.0061,-0.0031,0.0308,-0.0016,-0.0038,-0.0006,0.0017,-0.0167]
HID seg1s16 pos=191 sha=687d3edf905e7fd8 first8=[-0.0252,-0.0063,0.0952,-0.0011,-0.0014,0.0116,0.0023,-0.0153]
HID seg2s16 pos=191 sha=4eed68fa404ae11d first8=[0.0735,-0.0204,0.1708,-0.0049,0.0424,0.0825,0.0483,-0.0797]
HID seg0s16 pos=207 sha=94ceb77f6166c76e first8=[0.0031,-0.0034,0.0274,0.0007,-0.0022,0.0078,-0.0002,-0.0095]
HID seg1s16 pos=207 sha=37e927443e0eb160 first8=[-0.0149,-0.0136,0.0828,0.0096,0.0000,0.0127,-0.0109,-0.0226]
HID seg2s16 pos=207 sha=adbbc00fe91354b6 first8=[0.0290,0.1354,-0.0709,-0.0296,-0.0090,0.1379,-0.1353,-0.0566]
HID seg0s16 pos=223 sha=1badf204e38ad5c7 first8=[-0.0056,-0.0013,0.0240,-0.0073,-0.0050,0.0028,-0.0011,-0.0028]
HID seg1s16 pos=223 sha=a6873e579e5857c2 first8=[0.0018,-0.0064,0.0607,0.0254,0.0041,-0.0013,0.0037,0.0032]
HID seg2s16 pos=223 sha=aa48c608a4f35ae5 first8=[0.1086,-0.0750,0.1924,0.0225,0.0356,0.1641,0.2773,-0.2400]
HID seg0s16 pos=239 sha=7ce29de03d4864c7 first8=[0.0030,-0.0030,0.0288,-0.0008,-0.0019,-0.0036,0.0032,-0.0164]
HID seg1s16 pos=239 sha=ab370e2f55077f8d first8=[-0.0177,-0.0033,0.1024,0.0035,-0.0059,0.0073,-0.0007,-0.0167]
HID seg2s16 pos=239 sha=ac216a2e7207133e first8=[0.0659,-0.0089,0.1921,-0.0625,0.0255,0.0787,0.0753,-0.0690]
HID seg0s16 pos=255 sha=6eb5f37b44e3aee8 first8=[0.0041,0.0000,0.0229,0.0007,-0.0005,0.0052,-0.0024,-0.0107]
HID seg1s16 pos=255 sha=663894842046af32 first8=[-0.0134,-0.0091,0.0900,0.0061,0.0063,0.0098,-0.0168,-0.0213]
HID seg2s16 pos=255 sha=72a5fd48e1f63e46 first8=[0.1074,0.1954,-0.0420,-0.0313,0.0318,0.0878,-0.0776,-0.0903]
HID seg0s16 pos=271 sha=38f0927727302f37 first8=[0.0006,0.0011,0.0213,-0.0014,-0.0035,0.0003,-0.0047,0.0056]
HID seg1s16 pos=271 sha=f5b27019a46241f2 first8=[-0.0041,0.0127,0.0633,0.0013,0.0131,-0.0017,-0.0085,0.0262]
HID seg2s16 pos=271 sha=b5c58b74e234a75d first8=[-0.0169,0.1210,0.2239,0.0750,0.0182,0.1691,0.0714,-0.0741]
HID seg0s16 pos=287 sha=338b073dedfc7b19 first8=[0.0009,0.0026,0.0222,0.0029,0.0028,0.0052,-0.0018,-0.0087]
HID seg1s16 pos=287 sha=7eeb4764a6844a9a first8=[0.0031,-0.0108,0.0677,0.0128,-0.0010,-0.0102,0.0125,-0.0125]
HID seg2s16 pos=287 sha=63832adbdec2d931 first8=[0.0443,0.1337,0.1338,0.1345,-0.1083,-0.0307,0.1670,-0.1237]
HID seg0s16 pos=303 sha=982a37b7ddc13202 first8=[0.0043,0.0067,0.0151,-0.0046,-0.0030,-0.0130,0.0027,-0.0105]
HID seg1s16 pos=303 sha=875724ddb12dde9b first8=[0.0130,0.0137,0.0625,0.0165,0.0028,-0.0370,-0.0124,-0.0212]
HID seg2s16 pos=303 sha=1a2240e351c6ad83 first8=[0.0086,0.0060,0.0954,0.1940,-0.1163,-0.2091,0.0910,-0.1278]
HID seg0s16 pos=319 sha=eace14831db082de first8=[0.0020,0.0007,0.0149,-0.0014,-0.0060,-0.0040,-0.0027,0.0018]
HID seg1s16 pos=319 sha=af6897bc89754500 first8=[-0.0219,-0.0059,0.0836,0.0127,0.0195,-0.0107,-0.0109,-0.0028]
HID seg2s16 pos=319 sha=47f6f07f9f5588a3 first8=[0.0029,0.0523,0.0334,0.1768,-0.0920,-0.1533,0.1702,0.1841]
HID seg0s16 pos=335 sha=8c9e1f4e1125a73b first8=[-0.0005,0.0018,0.0180,0.0061,0.0025,0.0055,-0.0012,-0.0043]
HID seg1s16 pos=335 sha=ce891a9ed29980ab first8=[0.0013,-0.0183,0.0668,0.0134,-0.0062,-0.0151,0.0171,-0.0197]
HID seg2s16 pos=335 sha=c1154771becbbfba first8=[-0.0095,0.1755,0.1045,0.1329,-0.1047,-0.0297,0.1135,-0.1198]
HID seg0s16 pos=351 sha=86cb25f1b063764c first8=[0.0021,0.0065,0.0111,-0.0039,-0.0036,-0.0122,0.0037,-0.0168]
HID seg1s16 pos=351 sha=3adc253c4ea183a3 first8=[0.0137,0.0116,0.0557,0.0166,0.0075,-0.0394,-0.0148,-0.0307]
HID seg2s16 pos=351 sha=8173a94bdd133a89 first8=[0.0385,0.0209,0.0804,0.2485,-0.1113,-0.2065,0.0922,-0.0970]
HID seg0s16 pos=367 sha=682d7ac738c1b30e first8=[-0.0086,0.0013,0.0174,-0.0016,-0.0018,0.0012,-0.0036,-0.0006]
HID seg1s16 pos=367 sha=5662d559a033b779 first8=[-0.0274,0.0083,0.0953,0.0152,0.0159,-0.0056,-0.0133,0.0080]
HID seg2s16 pos=367 sha=6055de541a969b46 first8=[0.0485,-0.0490,0.1444,0.1143,-0.0655,0.0109,0.0259,0.1654]
HID seg0s16 pos=383 sha=1c8a3d23825cad2f first8=[-0.0023,-0.0008,0.0146,0.0060,0.0039,0.0014,-0.0020,-0.0058]
HID seg1s16 pos=383 sha=df0b70246844d13a first8=[-0.0007,-0.0220,0.0669,0.0172,-0.0048,-0.0137,0.0182,-0.0200]
HID seg2s16 pos=383 sha=b0aa86eaaaa2024e first8=[-0.0471,0.1532,0.1013,0.1862,-0.1277,-0.0069,0.0973,-0.1886]
HID seg0s16 pos=399 sha=eaad705046584b59 first8=[0.0037,0.0037,0.0096,-0.0032,-0.0022,-0.0131,0.0042,-0.0130]
HID seg1s16 pos=399 sha=724ca0f6e24ebff8 first8=[0.0124,0.0077,0.0479,0.0169,0.0099,-0.0462,-0.0148,-0.0249]
HID seg2s16 pos=399 sha=7088918009c5cf42 first8=[0.0437,0.0522,0.0637,0.2352,-0.0306,-0.1672,0.1472,-0.1022]
HID seg0s16 pos=415 sha=04b393acd837da9b first8=[-0.0006,0.0005,0.0119,0.0003,-0.0009,-0.0044,-0.0037,-0.0034]
HID seg1s16 pos=415 sha=2ede3f1f895036d0 first8=[-0.0280,-0.0028,0.0944,0.0205,0.0207,-0.0155,-0.0079,-0.0085]
HID seg2s16 pos=415 sha=e7a13a812c334103 first8=[0.0860,-0.0430,0.0435,0.1963,-0.0512,-0.0830,0.2272,0.2057]
HID seg0s16 pos=431 sha=7f3d53873f8b7e58 first8=[0.0005,0.0019,0.0131,0.0072,0.0019,0.0021,-0.0029,-0.0020]
HID seg1s16 pos=431 sha=b49a52a59f879c32 first8=[0.0047,-0.0264,0.0661,0.0208,-0.0033,-0.0175,0.0111,-0.0226]
HID seg2s16 pos=431 sha=c04d8a2a68f4719b first8=[-0.0087,0.1802,0.1130,0.1383,-0.1432,0.0015,0.1274,-0.2028]
HID seg0s16 pos=447 sha=c809d44875ebe63b first8=[0.0031,0.0015,0.0082,-0.0042,-0.0014,-0.0120,0.0023,-0.0178]
HID seg1s16 pos=447 sha=3d5b41b9ac7ed692 first8=[0.0142,0.0035,0.0565,0.0143,0.0053,-0.0358,-0.0132,-0.0285]
HID seg2s16 pos=447 sha=b7115bbc512745b2 first8=[0.0173,0.0735,0.0536,0.1692,-0.0605,-0.1462,0.1863,-0.0780]
HID seg0s16 pos=463 sha=46c7651db7d5a9c1 first8=[-0.0014,-0.0001,0.0258,-0.0010,-0.0052,-0.0048,-0.0067,-0.0110]
HID seg1s16 pos=463 sha=6d04a7f16b12d6ae first8=[-0.0088,-0.0170,0.0667,0.0159,0.0022,-0.0134,-0.0061,-0.0276]
HID seg2s16 pos=463 sha=f567192c304adb48 first8=[-0.1223,0.0309,0.1794,0.1826,0.0629,-0.1699,0.0351,-0.3379]
HID seg0s16 pos=479 sha=479657dcd70276d0 first8=[0.0023,-0.0072,0.0264,0.0036,-0.0040,0.0144,0.0052,-0.0052]
HID seg1s16 pos=479 sha=5e2d477c85b46d12 first8=[-0.0066,-0.0069,0.0627,0.0107,0.0153,0.0304,-0.0017,-0.0119]
HID seg2s16 pos=479 sha=cba8c5f9928b4bb8 first8=[-0.2244,0.1133,0.1771,0.2156,0.1372,0.1790,0.0155,-0.2632]
HID seg0s16 pos=495 sha=6ef3f8c1a25c6ea5 first8=[-0.0038,0.0013,0.0248,0.0003,-0.0031,0.0051,-0.0023,-0.0192]
HID seg1s16 pos=495 sha=54fbbacaa6766657 first8=[-0.0040,-0.0213,0.0869,-0.0049,-0.0044,0.0240,0.0003,-0.0161]
HID seg2s16 pos=495 sha=0ddad1c60354f2e5 first8=[-0.0260,-0.1023,0.1201,0.2197,-0.0290,0.0939,-0.0839,0.0251]
HID seg0s16 pos=511 sha=c9fe8a02bafa853a first8=[-0.0089,-0.0009,0.0210,-0.0023,-0.0034,0.0066,0.0000,-0.0010]
HID seg1s16 pos=511 sha=b97831e4758fd646 first8=[-0.0058,-0.0188,0.0768,-0.0003,-0.0083,0.0294,-0.0190,0.0210]
HID seg2s16 pos=511 sha=fa87c3943fcdd9b1 first8=[0.1412,-0.0418,0.0514,0.0750,0.1107,0.2861,-0.0543,0.1440]
HID seg0s16 pos=527 sha=ced37829fd404a54 first8=[-0.0050,-0.0011,0.0131,0.0042,-0.0092,0.0103,0.0047,0.0003]
HID seg1s16 pos=527 sha=73ece8554dc0d748 first8=[-0.0298,-0.0073,0.0657,0.0147,-0.0026,0.0330,-0.0016,-0.0076]
HID seg2s16 pos=527 sha=dbac409138dbdb37 first8=[-0.1312,0.1382,-0.0079,0.0581,0.0730,0.1948,-0.0121,-0.1021]
HID seg0s16 pos=543 sha=6763348ae58ec6b9 first8=[0.0012,-0.0051,0.0041,0.0051,-0.0075,0.0072,-0.0012,-0.0063]
HID seg1s16 pos=543 sha=faa6ca27f6ba396e first8=[0.0276,-0.0026,0.0321,0.0174,-0.0248,0.0023,-0.0090,-0.0125]
HID seg2s16 pos=543 sha=d14991e8b48b6190 first8=[-0.0536,0.1707,0.1753,0.3843,0.1910,0.1906,0.0013,-0.0341]
HID seg0s16 pos=559 sha=c19f6fcb1f5e94a2 first8=[-0.0041,-0.0016,-0.0052,-0.0023,-0.0047,0.0113,-0.0030,0.0115]
HID seg1s16 pos=559 sha=ef07c9710da87c1a first8=[0.0035,0.0044,0.0054,0.0059,0.0061,0.0228,0.0043,0.0081]
HID seg2s16 pos=559 sha=270e883908703aee first8=[0.0425,0.0996,0.0876,-0.0917,0.0490,0.1061,0.2546,0.0652]
HID seg0s16 pos=575 sha=4e1a885f48bb027b first8=[0.0077,0.0087,0.0023,0.0010,0.0036,0.0092,0.0111,0.0114]
HID seg1s16 pos=575 sha=6943aa30a685d219 first8=[0.0223,-0.0067,0.0232,-0.0122,-0.0133,0.0132,-0.0089,-0.0035]
HID seg2s16 pos=575 sha=3dfe257ee2ab9df6 first8=[0.0064,0.1405,0.2249,0.2397,-0.0120,-0.1171,0.1094,-0.0469]
HID seg0s16 pos=591 sha=4cf5e62a8d7cfa39 first8=[0.0032,0.0031,0.0049,0.0006,-0.0056,0.0130,-0.0025,-0.0073]
HID seg1s16 pos=591 sha=7e56b89c66c97b82 first8=[0.0018,0.0231,0.0282,0.0155,-0.0054,0.0127,0.0152,-0.0075]
HID seg2s16 pos=591 sha=f56602b9fdf5bef3 first8=[0.1345,0.2510,-0.0454,-0.0341,0.2444,0.1843,-0.0146,-0.0499]
HID seg0s16 pos=607 sha=ea2c56e5d0ebcfe6 first8=[-0.0007,0.0008,-0.0044,0.0068,0.0011,0.0073,-0.0028,-0.0076]
HID seg1s16 pos=607 sha=25f902f51448ec14 first8=[0.0123,-0.0096,0.0089,-0.0105,0.0060,-0.0078,0.0072,-0.0149]
HID seg2s16 pos=607 sha=c5971e891bd95fcc first8=[0.1956,0.1381,0.0961,0.1121,0.0126,-0.0167,0.1438,-0.1987]
HID seg0s16 pos=623 sha=ebb85e51bb45aff4 first8=[-0.0027,0.0026,0.0010,0.0039,-0.0023,0.0144,-0.0090,-0.0028]
HID seg1s16 pos=623 sha=341b470c72282798 first8=[-0.0033,0.0146,0.0366,-0.0018,0.0225,-0.0001,0.0323,-0.0258]
HID seg2s16 pos=623 sha=6d8fb07e0062797a first8=[0.1758,0.0015,0.0045,-0.0040,0.0058,0.1007,0.0603,-0.0496]
PROBE_JSON {"offset":6,"abs":{"2243":4.9724321587369275e-09,"794":2.0166063147493308e-10,"18171":2.0734370736922222e-07,"11683":2.5858649600986112e-06,"4547":0.013634689999532768,"2752":4.3802475688879018e-08,"17550":1.6994207647534042e-05,"12447":0.98620799476912246},"probs":{"2752":4.380849843035795e-08,"4547":0.013636564738613634,"11683":2.5862205106904254e-06,"12447":0.98634359614104361,"17550":1.6996544312704008e-05,"18171":2.0737221666069788e-07,"2243":4.9731158569284712e-09,"794":2.0168835935630853e-10}}
PROBE_JSON {"offset":9,"probs":{"2752":0.2856438671212822,"4547":0.11722800686662359,"11683":9.8864585839869855e-05,"12447":0.12285389638056556,"17550":0.47094711956789892,"18171":0.0026721163931431682,"2243":3.8115693263865562e-05,"794":0.00051801339138291122},"abs":{"2243":8.7706082255153111e-06,"794":0.00011919742558368143,"18171":0.00061486710618100329,"11683":2.2749226775873906e-05,"4547":0.026974740146203539,"2752":0.065728056766501647,"17550":0.10836724527271675,"12447":0.028269284954958139}}
PROBE_JSON {"offset":12,"abs":{"2243":1.3224067002549913e-07,"794":7.3183934822652492e-07,"18171":5.6671182379114188e-06,"11683":7.4336414101466626e-07,"4547":1.0923656310638857e-05,"2752":0.00023723607472722911,"17550":0.001131790013660938,"12447":4.5277297197992209e-05},"probs":{"2752":0.16560963981897489,"4547":0.0076255805074806164,"11683":0.00051892726597052661,"12447":0.031607152873177835,"17550":0.79007940393808684,"18171":0.0039560990514244613,"2243":9.2314500471833922e-05,"794":0.00051088204441294136}}
PROBE_JSON {"offset":15,"probs":{"2752":0.039907862111938128,"4547":0.00033991773378555328,"11683":8.5764161566427247e-06,"12447":0.0076165487709079997,"17550":0.95188892246113399,"18171":0.00023362181410173461,"2243":7.1508141822978879e-07,"794":3.8356105578167136e-06},"abs":{"2243":1.1036826050302369e-07,"794":5.9200204961447849e-07,"18171":3.6058038400437757e-05,"11683":1.323715186030062e-06,"4547":5.2464136300610363e-05,"2752":0.0061595242295524825,"17550":0.14691798987618615,"12447":0.0011755657711852712}}
SCORE_END {"ms":687032.90599999996,"rss_bytes":2013858120,"row":4}
SCORE_BEGIN {"promptDigest":"sha256:cc0298a358f1ce9c3cdfc139aad29da86fa7c9bceea4463b9d9d3db1d0b048a9","row":5,"axis":"","candidateViewDigest":"sha256:c30088f8540a5f976028ab0eef4999598b0d37efc554bb5c673839b18784f50b","requestId":"sdr-ct-05","promptTokens":624,"candidateId":"cand-ct-05-0001","probes":[{"offset":614,"axis":"evidence_sufficient"},{"offset":617,"axis":"still_needed"},{"axis":"full_content_needed","offset":620},{"axis":"unresolved_evidence","offset":623}]}
HID seg0s16 pos=15 sha=fa18b8c4afcf9cb5 first8=[0.0108,0.0035,0.0431,-0.0039,0.0015,-0.0072,0.0065,-0.0056]
HID seg1s16 pos=15 sha=3278f4b8fed1089f first8=[-0.0029,0.0126,0.1613,-0.0055,0.0045,-0.0058,-0.0142,0.0029]
HID seg2s16 pos=15 sha=485530932e984487 first8=[-0.0600,0.0363,0.2362,0.1053,0.0512,0.0757,0.1575,-0.0275]
HID seg0s16 pos=31 sha=207e621acb1054db first8=[0.0014,-0.0001,0.0375,0.0084,0.0018,0.0029,-0.0028,-0.0176]
HID seg1s16 pos=31 sha=1f6d95b5f97e41b5 first8=[0.0166,0.0028,0.1044,0.0091,0.0196,-0.0104,0.0040,-0.0371]
HID seg2s16 pos=31 sha=fa1e6b5b91898344 first8=[-0.0024,0.1523,-0.0016,0.0619,0.1637,0.0790,-0.0441,-0.3594]
HID seg0s16 pos=47 sha=29a6ce3c850133ff first8=[0.0064,-0.0001,0.0374,0.0113,-0.0108,0.0011,-0.0075,-0.0085]
HID seg1s16 pos=47 sha=f83ff91a75b1efb4 first8=[-0.0044,-0.0051,0.1315,-0.0050,0.0141,-0.0137,-0.0136,-0.0103]
HID seg2s16 pos=47 sha=6e9e77213e0454c9 first8=[-0.1606,0.0187,0.2808,-0.0226,0.1732,-0.0126,-0.0041,-0.2222]
HID seg0s16 pos=63 sha=aaec0a92790b6f4a first8=[0.0033,0.0000,0.0356,0.0063,-0.0098,-0.0064,0.0004,0.0111]
HID seg1s16 pos=63 sha=a64dc380e8de1e6a first8=[0.0189,-0.0166,0.0951,-0.0002,0.0248,0.0076,-0.0120,0.0212]
HID seg2s16 pos=63 sha=5d91e77fcf775027 first8=[-0.1385,0.1698,-0.1155,0.0719,-0.1411,-0.1770,0.0624,-0.0459]
HID seg0s16 pos=79 sha=5e4b7ec7da1d44b0 first8=[0.0004,-0.0029,0.0316,-0.0011,0.0023,0.0094,-0.0088,-0.0031]
HID seg1s16 pos=79 sha=6eb82cc1107c6387 first8=[0.0050,-0.0090,0.0952,-0.0025,0.0008,0.0063,-0.0029,-0.0260]
HID seg2s16 pos=79 sha=051fef839ab6f337 first8=[-0.1770,-0.0077,0.2588,-0.0775,0.0260,0.2087,-0.1177,-0.2632]
HID seg0s16 pos=95 sha=1b53798dbb9c0840 first8=[0.0020,-0.0085,0.0380,0.0035,-0.0078,0.0041,-0.0014,-0.0093]
HID seg1s16 pos=95 sha=7aa7a97bf087cce9 first8=[-0.0059,-0.0180,0.1247,0.0002,0.0050,0.0241,0.0097,-0.0161]
HID seg2s16 pos=95 sha=f349cc17fbdb0145 first8=[-0.0787,0.0435,0.2181,0.0536,-0.0385,0.0085,0.0879,-0.0656]
HID seg0s16 pos=111 sha=cc4d9e316f5584c9 first8=[0.0009,-0.0079,0.0387,-0.0005,-0.0040,0.0092,-0.0009,-0.0081]
HID seg1s16 pos=111 sha=630a4a1210f5bba9 first8=[-0.0074,-0.0130,0.1122,-0.0153,0.0051,0.0341,-0.0043,-0.0083]
HID seg2s16 pos=111 sha=cd6e383aec882b45 first8=[0.0413,0.1343,0.0302,0.0068,-0.1323,0.2292,-0.0507,0.0189]
HID seg0s16 pos=127 sha=db653a52ccc4fcce first8=[-0.0020,-0.0067,0.0334,-0.0050,-0.0049,-0.0057,-0.0002,-0.0005]
HID seg1s16 pos=127 sha=8d1d47122999affb first8=[-0.0083,0.0004,0.0775,0.0003,-0.0016,0.0201,-0.0041,-0.0103]
HID seg2s16 pos=127 sha=279c789bed27a4e2 first8=[0.1691,-0.1449,0.2031,0.0247,-0.0580,0.1924,0.2085,-0.1770]
HID seg0s16 pos=143 sha=0332b5fe8fe4a5fb first8=[0.0065,-0.0054,0.0369,-0.0024,-0.0069,-0.0021,0.0015,-0.0176]
HID seg1s16 pos=143 sha=b77be22be68e3bfa first8=[-0.0243,0.0017,0.0870,0.0023,0.0067,0.0021,-0.0102,-0.0137]
HID seg2s16 pos=143 sha=a77817aee26a0054 first8=[-0.0048,0.0336,0.2064,0.1619,-0.0052,0.1982,0.1306,-0.0813]
HID seg0s16 pos=159 sha=7307fd7d95882994 first8=[0.0023,-0.0041,0.0318,0.0011,-0.0031,0.0097,-0.0029,-0.0094]
HID seg1s16 pos=159 sha=0842802f360953c8 first8=[-0.0075,-0.0052,0.0865,0.0075,-0.0054,0.0239,0.0045,-0.0229]
HID seg2s16 pos=159 sha=67989edc29fcd3d0 first8=[0.0871,0.1155,-0.0248,-0.0776,0.0263,0.1279,-0.1268,-0.0642]
HID seg0s16 pos=175 sha=4698742a4bbcf07e first8=[-0.0040,-0.0060,0.0265,-0.0051,-0.0051,-0.0012,-0.0038,0.0012]
HID seg1s16 pos=175 sha=b0a3fb1612644f4c first8=[-0.0069,-0.0087,0.0656,0.0196,0.0034,0.0017,-0.0114,-0.0050]
HID seg2s16 pos=175 sha=9edd4674686d1505 first8=[0.0750,-0.0508,0.2510,0.0278,-0.0006,0.2568,0.2866,-0.3037]
HID seg0s16 pos=191 sha=e53e088df1c51735 first8=[0.0031,-0.0035,0.0319,-0.0014,-0.0015,-0.0037,0.0041,-0.0182]
HID seg1s16 pos=191 sha=c4a9c5f314b606f1 first8=[-0.0251,0.0026,0.0976,0.0028,0.0052,0.0158,0.0029,-0.0124]
HID seg2s16 pos=191 sha=2b88ef12624d1078 first8=[0.0060,0.0760,0.1851,0.0834,-0.0518,0.1504,0.0982,-0.0703]
HID seg0s16 pos=207 sha=383f041e1b25a4a1 first8=[0.0031,-0.0020,0.0262,0.0018,-0.0013,0.0086,-0.0019,-0.0097]
HID seg1s16 pos=207 sha=2544815901c4cd2c first8=[-0.0140,-0.0157,0.0895,0.0048,0.0011,0.0121,-0.0087,-0.0200]
HID seg2s16 pos=207 sha=4c2cbe67039df518 first8=[0.0447,0.1387,-0.0283,0.0417,-0.0033,0.1653,-0.1099,-0.0416]
HID seg0s16 pos=223 sha=05873e91bff2b59b first8=[-0.0048,-0.0022,0.0231,-0.0040,-0.0035,-0.0006,-0.0004,-0.0006]
HID seg1s16 pos=223 sha=402457384d62027b first8=[-0.0026,-0.0033,0.0655,0.0193,0.0073,-0.0020,-0.0018,0.0047]
HID seg2s16 pos=223 sha=61460359117a0545 first8=[0.0732,-0.0848,0.1743,0.0214,0.0424,0.1914,0.2732,-0.2771]
HID seg0s16 pos=239 sha=b7edfa9cbffd2793 first8=[0.0031,-0.0023,0.0280,-0.0039,-0.0013,-0.0008,0.0044,-0.0152]
HID seg1s16 pos=239 sha=eff1d8388e160cdf first8=[-0.0278,0.0129,0.0922,-0.0006,0.0077,0.0059,-0.0026,-0.0176]
HID seg2s16 pos=239 sha=4578340b30a5d89b first8=[0.0064,0.0832,0.1976,0.0729,-0.0369,0.1461,0.1610,-0.1098]
HID seg0s16 pos=255 sha=83b19729fc1c0b4f first8=[0.0035,-0.0002,0.0229,0.0012,-0.0017,0.0063,-0.0023,-0.0090]
HID seg1s16 pos=255 sha=58d1b731de998150 first8=[-0.0126,-0.0117,0.0931,0.0151,0.0058,0.0178,-0.0084,-0.0172]
HID seg2s16 pos=255 sha=beb7c84da96d4af4 first8=[0.1176,0.1750,-0.0273,-0.0297,0.0508,0.1031,-0.0428,-0.1067]
HID seg0s16 pos=271 sha=7335a2bf2971c886 first8=[0.0015,-0.0059,0.0255,-0.0039,-0.0042,-0.0038,-0.0007,0.0027]
HID seg1s16 pos=271 sha=5be9e3bcbd3f71e8 first8=[-0.0139,-0.0002,0.0714,0.0088,-0.0112,-0.0139,-0.0129,0.0233]
HID seg2s16 pos=271 sha=a66fe6b8610e7663 first8=[0.0673,0.0364,0.0687,0.0482,-0.0060,0.1382,0.0720,0.0541]
HID seg0s16 pos=287 sha=cef6926a04e3ab8d first8=[-0.0002,0.0035,0.0219,0.0022,0.0027,0.0081,-0.0018,-0.0073]
HID seg1s16 pos=287 sha=71dee31a2b787005 first8=[0.0018,-0.0113,0.0734,0.0075,-0.0028,-0.0073,0.0105,-0.0158]
HID seg2s16 pos=287 sha=af1a5ffaec0b31e5 first8=[-0.0480,0.1350,0.1343,0.1697,-0.0745,-0.0261,0.1322,-0.1390]
HID seg0s16 pos=303 sha=4a517c86d1a6e205 first8=[0.0043,0.0060,0.0135,-0.0057,0.0004,-0.0129,0.0029,-0.0105]
HID seg1s16 pos=303 sha=e0f4ca5e28947ea2 first8=[0.0043,0.0044,0.0640,0.0188,0.0076,-0.0356,-0.0004,-0.0206]
HID seg2s16 pos=303 sha=03e6a72bbd7148c6 first8=[0.0345,0.0599,0.0779,0.1787,-0.1033,-0.0665,0.0660,-0.1340]
HID seg0s16 pos=319 sha=02b326063acc7193 first8=[0.0023,-0.0007,0.0169,-0.0011,-0.0033,-0.0042,-0.0036,-0.0002]
HID seg1s16 pos=319 sha=a47a5911c64f1aa0 first8=[-0.0259,0.0022,0.0834,0.0060,0.0165,-0.0056,0.0051,-0.0009]
HID seg2s16 pos=319 sha=82d1bf6b6915de9d first8=[0.0382,-0.1428,0.1130,0.0828,0.1102,0.0164,0.1071,0.1924]
HID seg0s16 pos=335 sha=b45bad33210b7db4 first8=[-0.0010,0.0026,0.0171,0.0053,0.0037,0.0052,-0.0049,-0.0041]
HID seg1s16 pos=335 sha=11a717ce64086036 first8=[0.0035,-0.0215,0.0685,0.0158,-0.0046,-0.0130,0.0132,-0.0189]
HID seg2s16 pos=335 sha=a71f6afc16c51ccd first8=[-0.0551,0.1266,0.1159,0.1550,-0.0833,-0.0201,0.1311,-0.1438]
HID seg0s16 pos=351 sha=6f1c70abca469779 first8=[0.0054,0.0033,0.0114,-0.0021,-0.0020,-0.0130,0.0020,-0.0130]
HID seg1s16 pos=351 sha=1a721570fe6e85cd first8=[0.0116,0.0080,0.0492,0.0157,0.0036,-0.0411,-0.0106,-0.0281]
HID seg2s16 pos=351 sha=b007ad54c59db59d first8=[-0.0382,0.0867,0.0788,0.1893,-0.1168,-0.1017,0.0729,-0.2012]
HID seg0s16 pos=367 sha=03f1371d6378d5d9 first8=[0.0021,-0.0015,0.0157,-0.0006,-0.0031,-0.0068,-0.0042,0.0020]
HID seg1s16 pos=367 sha=4bcf76d4afe1a8b6 first8=[-0.0186,0.0094,0.0759,0.0098,0.0150,-0.0162,-0.0049,-0.0106]
HID seg2s16 pos=367 sha=e55e739e6aef3628 first8=[-0.0156,-0.0558,0.0679,0.3003,0.0790,0.0789,0.1592,0.1621]
HID seg0s16 pos=383 sha=cdbd3cd2f118719d first8=[-0.0022,-0.0011,0.0141,0.0045,0.0023,0.0035,-0.0047,-0.0025]
HID seg1s16 pos=383 sha=70586d6c4948d999 first8=[0.0038,-0.0232,0.0696,0.0233,-0.0086,-0.0181,0.0069,-0.0188]
HID seg2s16 pos=383 sha=6e05f17197e447ee first8=[-0.0048,0.1816,0.1382,0.1544,-0.0807,-0.0089,0.1287,-0.1560]
HID seg0s16 pos=399 sha=ad86110b390188ef first8=[0.0037,0.0020,0.0085,-0.0016,-0.0005,-0.0110,0.0032,-0.0122]
HID seg1s16 pos=399 sha=d4033af02b83b305 first8=[0.0083,0.0117,0.0545,0.0129,0.0071,-0.0392,-0.0160,-0.0326]
HID seg2s16 pos=399 sha=0aaaf4426e3f522c first8=[-0.0274,0.0499,-0.0046,0.2319,-0.1035,-0.1458,0.0848,-0.1292]
HID seg0s16 pos=415 sha=b4be973cb7b1b27f first8=[0.0041,-0.0018,0.0093,-0.0013,-0.0023,-0.0048,-0.0066,-0.0013]
HID seg1s16 pos=415 sha=5f37d9d95eabc2f9 first8=[-0.0210,0.0047,0.0851,0.0044,0.0205,-0.0144,-0.0162,-0.0160]
HID seg2s16 pos=415 sha=9e67de4b81c3026d first8=[-0.0448,-0.0188,0.0096,0.1123,0.0058,-0.0930,0.1703,0.0944]
HID seg0s16 pos=431 sha=4c5ab23f81378aee first8=[-0.0029,0.0020,0.0138,0.0072,-0.0019,0.0050,-0.0042,-0.0044]
HID seg1s16 pos=431 sha=02ec73112d9dc6ae first8=[0.0047,-0.0299,0.0710,0.0275,-0.0060,-0.0139,0.0022,-0.0250]
HID seg2s16 pos=431 sha=24ade12da89da9e9 first8=[0.0231,0.1659,0.1212,0.1624,-0.1086,-0.0023,0.1036,-0.1738]
HID seg0s16 pos=447 sha=0624dfa511e1800d first8=[0.0006,0.0011,0.0071,0.0003,0.0006,-0.0086,0.0041,-0.0125]
HID seg1s16 pos=447 sha=a7e9207b4cddf5c7 first8=[0.0137,0.0131,0.0504,0.0138,0.0109,-0.0381,-0.0167,-0.0284]
HID seg2s16 pos=447 sha=7747e6ddba549a75 first8=[-0.0389,0.0330,0.0109,0.1661,-0.0185,-0.1161,0.1252,-0.1644]
HID seg0s16 pos=463 sha=7eefe147d1a0a62c first8=[0.0009,-0.0018,0.0270,-0.0031,-0.0030,-0.0040,-0.0082,-0.0075]
HID seg1s16 pos=463 sha=ffb862f8b049b174 first8=[-0.0047,-0.0208,0.0677,0.0103,0.0040,-0.0152,-0.0044,-0.0271]
HID seg2s16 pos=463 sha=b18795f59b49b1c3 first8=[-0.0898,0.0750,0.1538,0.2052,0.0408,-0.1661,0.0001,-0.3877]
HID seg0s16 pos=479 sha=021d602b937997d1 first8=[0.0019,-0.0074,0.0259,0.0042,-0.0031,0.0114,0.0068,-0.0043]
HID seg1s16 pos=479 sha=84a476cf219db694 first8=[0.0018,-0.0023,0.0614,0.0154,0.0154,0.0336,-0.0051,-0.0153]
HID seg2s16 pos=479 sha=aef8e34cd7b9528a first8=[-0.2563,0.1027,0.1937,0.1779,0.1793,0.2094,0.0088,-0.2815]
HID seg0s16 pos=495 sha=91d065e07e63c619 first8=[-0.0026,0.0013,0.0257,-0.0004,-0.0014,0.0072,-0.0015,-0.0189]
HID seg1s16 pos=495 sha=0f6b014621f19c58 first8=[-0.0033,-0.0222,0.0861,-0.0107,-0.0012,0.0267,-0.0005,-0.0129]
HID seg2s16 pos=495 sha=c2ff84800e20b0fb first8=[-0.0600,-0.1108,0.1083,0.1783,-0.0166,0.1312,-0.0856,0.0151]
HID seg0s16 pos=511 sha=a4c794289020c174 first8=[-0.0079,-0.0018,0.0228,-0.0029,-0.0036,0.0063,0.0001,-0.0018]
HID seg1s16 pos=511 sha=e2523c82eba8c550 first8=[-0.0002,-0.0164,0.0806,-0.0027,-0.0095,0.0276,-0.0202,0.0146]
HID seg2s16 pos=511 sha=4f65f9044594743e first8=[0.1296,-0.0133,0.0781,0.0668,0.1320,0.2666,-0.0438,0.0898]
HID seg0s16 pos=527 sha=92cbf9a1893b35ee first8=[-0.0059,-0.0018,0.0147,0.0038,-0.0091,0.0125,0.0042,0.0006]
HID seg1s16 pos=527 sha=eb2b738544762672 first8=[-0.0283,-0.0131,0.0668,0.0185,-0.0008,0.0366,0.0005,-0.0067]
HID seg2s16 pos=527 sha=ff61dd2c74bd2a63 first8=[-0.1108,0.1160,-0.0102,0.0486,0.0802,0.2010,-0.0231,-0.2002]
HID seg0s16 pos=543 sha=8644c405172c2cef first8=[-0.0006,-0.0039,0.0064,0.0047,-0.0058,0.0053,-0.0017,-0.0070]
HID seg1s16 pos=543 sha=39ea26f683075a22 first8=[0.0276,-0.0010,0.0409,0.0169,-0.0164,-0.0007,-0.0090,-0.0135]
HID seg2s16 pos=543 sha=7b97ab2f4f7b6462 first8=[-0.0234,0.1517,0.2300,0.3506,0.1646,0.1847,-0.0286,-0.0559]
HID seg0s16 pos=559 sha=ac91b0bb12307131 first8=[-0.0030,0.0002,-0.0044,-0.0025,-0.0043,0.0094,-0.0018,0.0110]
HID seg1s16 pos=559 sha=d5df4c44b149205d first8=[0.0073,-0.0073,0.0228,0.0076,0.0072,0.0280,0.0011,-0.0004]
HID seg2s16 pos=559 sha=522ec971c6f5cef7 first8=[-0.0039,0.0560,0.1412,-0.1333,0.0185,0.1026,0.2095,0.0518]
HID seg0s16 pos=575 sha=87ce9ff20956c90b first8=[0.0076,0.0084,0.0042,0.0025,0.0040,0.0094,0.0113,0.0094]
HID seg1s16 pos=575 sha=5372cfb78465d300 first8=[0.0235,-0.0102,0.0218,-0.0070,-0.0134,0.0099,-0.0046,-0.0003]
HID seg2s16 pos=575 sha=bf893d9e7cf2fdd4 first8=[-0.0120,0.1715,0.3025,0.2167,-0.0022,-0.1218,0.1292,-0.0366]
HID seg0s16 pos=591 sha=5475250c800bc89c first8=[0.0012,0.0031,0.0045,0.0004,-0.0079,0.0126,-0.0027,-0.0047]
HID seg1s16 pos=591 sha=fcc13059c7be8fab first8=[0.0050,0.0020,0.0279,0.0169,-0.0004,0.0142,0.0177,-0.0081]
HID seg2s16 pos=591 sha=3966aa93e7ab72f0 first8=[0.0832,0.2191,-0.0671,-0.0490,0.2250,0.0975,-0.0645,-0.0706]
HID seg0s16 pos=607 sha=cc254863eac26ddc first8=[0.0009,0.0012,-0.0038,0.0077,0.0014,0.0048,-0.0030,-0.0059]
HID seg1s16 pos=607 sha=43add97b07a090bf first8=[0.0171,-0.0022,0.0172,-0.0117,-0.0004,-0.0032,0.0018,-0.0114]
HID seg2s16 pos=607 sha=b25e4d4fbd53ff35 first8=[0.1114,0.1483,0.1038,0.0050,0.0284,-0.0590,0.1080,-0.1699]
HID seg0s16 pos=623 sha=4cf24b2183b40427 first8=[0.0011,0.0015,0.0048,0.0031,-0.0044,0.0105,-0.0068,-0.0048]
HID seg1s16 pos=623 sha=51398dea4c68ddcb first8=[-0.0171,0.0198,0.0358,-0.0002,0.0170,-0.0023,0.0288,-0.0235]
HID seg2s16 pos=623 sha=a4d26c7e78ef35c1 first8=[0.0409,-0.0207,0.0359,-0.0461,0.0717,0.1119,0.0234,-0.1213]
PROBE_JSON {"offset":6,"abs":{"2243":3.6810750309024728e-08,"794":5.5135193979269915e-10,"18171":1.1954269495045316e-06,"11683":3.4393871742684794e-05,"4547":0.0020785813599054829,"2752":8.2308750831096981e-08,"17550":0.0001258075554261555,"12447":0.99581412881344666},"probs":{"2752":8.2469217232197541e-08,"4547":0.0020826336929423818,"11683":3.4460924890287389e-05,"12447":0.99775553489484481,"17550":0.00012605282564890399,"18171":1.1977575140973444e-06,"2243":3.6882515322638186e-08,"794":5.5242683718362053e-10}}
PROBE_JSON {"offset":9,"probs":{"2752":0.051227484337172446,"4547":0.012359205765107417,"11683":0.001534897634937649,"12447":0.1067672457206084,"17550":0.80133267983940393,"18171":0.025758796784742084,"2243":7.4066917154864267e-05,"794":0.00094562300087326634},"abs":{"2243":1.1867897527009845e-06,"794":1.5151915733285569e-05,"18171":0.0004127386050390151,"11683":2.4593986823837272e-05,"4547":0.00019803414691722622,"2752":0.00082082872898421588,"17550":0.012839921647466147,"12447":0.0017107539777899954}}
PROBE_JSON {"offset":12,"abs":{"2243":1.7934855640287235e-08,"794":5.1896225540041181e-08,"18171":7.5667479338177981e-07,"11683":1.5614866932233828e-07,"4547":2.2193200738083279e-07,"2752":1.6271064982542136e-06,"17550":1.862124778794447e-05,"12447":2.1056322596621121e-06},"probs":{"2752":0.069066428240202093,"4547":0.0094204350350873527,"11683":0.0066281038617481873,"12447":0.089378599076485654,"17550":0.79042341449007747,"18171":0.032118871981855604,"2243":0.00076128785756023238,"794":0.0022028594569834976}}
PROBE_JSON {"offset":15,"probs":{"2752":0.01704929701453187,"4547":0.001755355625601328,"11683":3.3957653091889603e-05,"12447":0.077612924958259777,"17550":0.90222052265437791,"18171":0.0013044695356701289,"2243":3.5098840440272471e-06,"794":1.9962674423131179e-05},"abs":{"2243":6.507006515481165e-07,"794":3.7008986880574965e-06,"18171":0.0002418368145892607,"11683":6.2954407367213717e-06,"4547":0.00032542700412599982,"2752":0.0031607849537570432,"17550":0.16726349775865373,"12447":0.014388731993820437}}
SCORE_END {"ms":672471.11804199999,"rss_bytes":2409761384,"row":5}
SCORE_BEGIN {"promptDigest":"sha256:8daafc95efdcc5234a3f2d827a0c8276f7de143f05e73519ee148b0988b365fc","row":6,"axis":"","candidateViewDigest":"sha256:1fe6f789bb445b015b915256d0c83bab470b9c7db753d7a489b482258dff9070","requestId":"sdr-ct-06","promptTokens":624,"candidateId":"cand-ct-06-0001","probes":[{"offset":614,"axis":"evidence_sufficient"},{"offset":617,"axis":"still_needed"},{"axis":"full_content_needed","offset":620},{"axis":"unresolved_evidence","offset":623}]}
HID seg0s16 pos=15 sha=25244ab624c23558 first8=[0.0040,-0.0081,0.0452,-0.0041,-0.0080,0.0121,0.0030,0.0006]
HID seg1s16 pos=15 sha=61564faa09831d05 first8=[0.0014,-0.0001,0.1376,0.0097,0.0010,0.0282,-0.0025,0.0050]
HID seg2s16 pos=15 sha=a655de1e5f04629f first8=[-0.1090,0.0768,0.0153,-0.0225,0.1281,0.1117,-0.2261,-0.1624]
HID seg0s16 pos=31 sha=1ebe4682b905286e first8=[0.0052,-0.0066,0.0349,0.0008,0.0004,0.0081,0.0025,-0.0089]
HID seg1s16 pos=31 sha=cf56b9a1ebe75f71 first8=[0.0216,-0.0078,0.1289,-0.0060,0.0189,0.0283,0.0021,-0.0189]
HID seg2s16 pos=31 sha=47a03c42880cf062 first8=[0.0288,-0.1729,0.1826,0.0638,0.1405,-0.0701,-0.0870,-0.2466]
HID seg0s16 pos=47 sha=ad84cc2266660fd5 first8=[0.0087,0.0001,0.0307,-0.0029,-0.0036,0.0014,-0.0045,-0.0022]
HID seg1s16 pos=47 sha=5e314c7e048fcbbe first8=[0.0063,0.0125,0.1205,0.0146,0.0170,0.0057,0.0025,-0.0031]
HID seg2s16 pos=47 sha=8218136cf76ade75 first8=[-0.1175,0.1158,-0.0938,0.1270,0.2003,0.0886,-0.0597,-0.1368]
HID seg0s16 pos=63 sha=0c85b7cc4639d4f9 first8=[-0.0037,-0.0097,0.0340,0.0042,-0.0002,0.0102,-0.0077,-0.0133]
HID seg1s16 pos=63 sha=3c1651ce1ed2892c first8=[-0.0158,0.0004,0.1292,0.0154,-0.0087,0.0183,-0.0007,-0.0305]
HID seg2s16 pos=63 sha=9409e3a1c98d1ec3 first8=[-0.0741,0.1232,0.1750,0.2446,-0.0923,-0.0996,0.1512,-0.1012]
HID seg0s16 pos=79 sha=c6a8ac2f689bfe83 first8=[0.0001,-0.0024,0.0334,0.0014,0.0000,0.0078,-0.0099,-0.0025]
HID seg1s16 pos=79 sha=87013693cc1eeac2 first8=[0.0066,-0.0105,0.1025,-0.0051,-0.0001,0.0112,-0.0000,-0.0262]
HID seg2s16 pos=79 sha=16fc694d577425c7 first8=[-0.2046,0.0327,0.2981,-0.0402,0.0803,0.1857,-0.0610,-0.2888]
HID seg0s16 pos=95 sha=6fa205306ff3ae7c first8=[-0.0010,-0.0096,0.0416,-0.0055,-0.0076,-0.0024,-0.0034,0.0042]
HID seg1s16 pos=95 sha=208d7d4646863dca first8=[-0.0226,-0.0176,0.1168,0.0070,0.0196,0.0241,0.0035,0.0036]
HID seg2s16 pos=95 sha=206d62f7b899edb9 first8=[-0.0208,0.0837,-0.0087,0.1154,0.0179,-0.0068,0.0575,-0.2571]
HID seg0s16 pos=111 sha=68565d11ae19dac6 first8=[-0.0010,-0.0076,0.0441,-0.0001,-0.0114,0.0168,-0.0025,-0.0136]
HID seg1s16 pos=111 sha=c15e56841819f919 first8=[-0.0137,-0.0246,0.0850,-0.0118,0.0073,0.0260,0.0065,-0.0126]
HID seg2s16 pos=111 sha=28f8a0c3a00c8631 first8=[0.0101,0.1063,0.0988,0.1405,0.1307,0.0965,0.0268,-0.1902]
HID seg0s16 pos=127 sha=e69b3da0e8932c63 first8=[-0.0013,-0.0018,0.0469,0.0033,-0.0067,0.0194,0.0002,-0.0051]
HID seg1s16 pos=127 sha=94375b4c1e7bce55 first8=[-0.0051,-0.0184,0.0779,-0.0210,0.0057,0.0180,0.0155,-0.0155]
HID seg2s16 pos=127 sha=09a891e924c3d249 first8=[0.0734,-0.1213,0.2098,0.1573,-0.1230,0.1018,0.2063,-0.3333]
HID seg0s16 pos=143 sha=8b73461be26d3e2a first8=[0.0035,-0.0068,0.0335,-0.0047,-0.0019,-0.0005,-0.0023,-0.0029]
HID seg1s16 pos=143 sha=a809a69b4fbbe5a2 first8=[-0.0098,-0.0152,0.1001,0.0296,0.0137,0.0133,-0.0008,-0.0049]
HID seg2s16 pos=143 sha=a8088e7cbf3e8477 first8=[0.0332,0.1306,0.0806,-0.0327,-0.0295,-0.0655,0.0094,-0.0984]
HID seg0s16 pos=159 sha=738c987d12e5d481 first8=[-0.0006,-0.0045,0.0379,-0.0023,-0.0101,0.0163,-0.0002,-0.0140]
HID seg1s16 pos=159 sha=56a268cbd7162a5a first8=[0.0034,0.0041,0.0783,0.0023,0.0113,0.0294,-0.0148,-0.0375]
HID seg2s16 pos=159 sha=b50f4ce258ecb6d6 first8=[-0.0408,0.0728,0.0444,0.0079,0.1106,-0.0079,-0.0879,-0.2438]
HID seg0s16 pos=175 sha=97cb184eac4a5b98 first8=[0.0027,-0.0057,0.0356,0.0078,-0.0100,0.0175,-0.0021,-0.0001]
HID seg1s16 pos=175 sha=41af62bdc2a0afca first8=[0.0068,-0.0184,0.0781,-0.0014,0.0040,0.0111,0.0065,-0.0055]
HID seg2s16 pos=175 sha=1a752775f7a6f61f first8=[-0.0522,-0.0789,0.2318,0.1400,-0.0923,0.0168,0.1627,-0.2494]
HID seg0s16 pos=191 sha=ae746cf0cdd6bc5a first8=[0.0038,-0.0039,0.0327,-0.0059,0.0019,0.0022,-0.0027,-0.0028]
HID seg1s16 pos=191 sha=9d03d3b276edf8d6 first8=[-0.0151,-0.0083,0.0876,0.0150,0.0069,0.0114,-0.0063,-0.0006]
HID seg2s16 pos=191 sha=b200dff7fcc062db first8=[0.0627,0.1262,0.0705,-0.0369,-0.0777,-0.0042,-0.0318,-0.0845]
HID seg0s16 pos=207 sha=9f227dc9b59c5fee first8=[-0.0021,-0.0040,0.0327,0.0022,-0.0080,0.0189,-0.0002,-0.0156]
HID seg1s16 pos=207 sha=11780e661d72e625 first8=[-0.0002,0.0003,0.0688,0.0092,0.0209,0.0237,-0.0165,-0.0285]
HID seg2s16 pos=207 sha=bdef408494e72bfc first8=[0.0525,0.0820,-0.0123,0.0584,0.1465,0.1052,-0.1343,-0.2910]
HID seg0s16 pos=223 sha=3267390e5f1d479c first8=[0.0046,0.0034,0.0372,0.0060,-0.0083,0.0011,0.0015,-0.0026]
HID seg1s16 pos=223 sha=f7b8d016e3bfd950 first8=[-0.0054,-0.0078,0.0620,-0.0055,0.0096,-0.0167,0.0008,-0.0068]
HID seg2s16 pos=223 sha=1d7c56cd7461240c first8=[-0.1597,-0.1148,0.2001,0.1615,-0.0400,-0.1231,0.1500,-0.2289]
HID seg0s16 pos=239 sha=892b5619c775cd84 first8=[0.0042,-0.0036,0.0282,-0.0041,0.0042,0.0005,-0.0021,-0.0022]
HID seg1s16 pos=239 sha=ea486796d659f21c first8=[-0.0056,-0.0112,0.0858,0.0185,0.0036,0.0111,-0.0163,-0.0043]
HID seg2s16 pos=239 sha=c0450af918b2d7a2 first8=[0.0781,0.1216,0.0980,-0.0256,-0.0503,-0.0089,-0.0251,-0.0776]
HID seg0s16 pos=255 sha=4411a4b37a7a906f first8=[-0.0008,-0.0014,0.0316,0.0007,-0.0063,0.0135,-0.0008,-0.0129]
HID seg1s16 pos=255 sha=5b727c09b4920d61 first8=[0.0080,0.0064,0.0794,0.0138,0.0141,0.0216,-0.0180,-0.0258]
HID seg2s16 pos=255 sha=d02684cb9b2d5768 first8=[-0.0223,0.1370,0.0002,0.0503,0.0384,0.0894,-0.0478,-0.1902]
HID seg0s16 pos=271 sha=a42809f3331486fd first8=[0.0000,0.0039,0.0317,0.0060,-0.0085,0.0011,-0.0010,0.0058]
HID seg1s16 pos=271 sha=4e8887e4453c2e99 first8=[-0.0067,-0.0130,0.0778,-0.0003,0.0123,-0.0108,-0.0038,0.0082]
HID seg2s16 pos=271 sha=1581e975be1e8bf9 first8=[-0.1117,-0.0486,0.1635,0.1560,-0.0090,-0.0356,0.1147,-0.1895]
HID seg0s16 pos=287 sha=b559b1f2908a7556 first8=[-0.0023,0.0023,0.0271,-0.0003,0.0012,0.0067,0.0020,0.0005]
HID seg1s16 pos=287 sha=2cee29f1da18f084 first8=[-0.0012,-0.0098,0.0780,-0.0056,-0.0070,-0.0033,0.0075,0.0029]
HID seg2s16 pos=287 sha=55834f209369be19 first8=[-0.0114,0.1224,0.1414,0.1857,-0.0909,0.0836,0.0935,-0.1694]
HID seg0s16 pos=303 sha=72a670def49e21be first8=[0.0063,0.0065,0.0182,-0.0070,-0.0007,-0.0115,0.0018,-0.0129]
HID seg1s16 pos=303 sha=c9e10b79d98d3f4a first8=[0.0087,0.0349,0.0580,0.0071,0.0118,-0.0254,0.0071,-0.0350]
HID seg2s16 pos=303 sha=919a0e57fd2814f8 first8=[-0.0549,0.1448,0.0526,0.2415,-0.1322,-0.1718,0.0019,-0.2109]
HID seg0s16 pos=319 sha=c95a4e9e5a7314ae first8=[0.0032,-0.0001,0.0162,0.0001,-0.0046,-0.0014,-0.0004,0.0014]
HID seg1s16 pos=319 sha=dc73303680ff0fe5 first8=[-0.0231,0.0145,0.0933,0.0117,0.0233,-0.0027,-0.0009,-0.0016]
HID seg2s16 pos=319 sha=1071c5edda5c20c2 first8=[0.0246,0.1345,0.0954,0.1292,-0.1107,-0.1332,0.1164,0.1469]
HID seg0s16 pos=335 sha=e53dc6e9d391042e first8=[0.0015,0.0018,0.0201,0.0064,0.0028,0.0057,-0.0017,-0.0070]
HID seg1s16 pos=335 sha=7322fe6ac48286d0 first8=[0.0023,-0.0093,0.0681,0.0121,-0.0047,-0.0160,0.0204,-0.0192]
HID seg2s16 pos=335 sha=94d2ad51a15f423c first8=[0.0511,0.1287,0.0804,0.1826,-0.0873,-0.0292,0.1132,-0.0122]
HID seg0s16 pos=351 sha=20af5fc3cdd27903 first8=[0.0036,0.0058,0.0115,-0.0022,-0.0016,-0.0113,0.0034,-0.0154]
HID seg1s16 pos=351 sha=17db554d8d32ffc3 first8=[0.0157,0.0127,0.0496,0.0113,0.0134,-0.0320,-0.0058,-0.0297]
HID seg2s16 pos=351 sha=5171812ea1a163c9 first8=[0.0173,0.0439,0.0811,0.2461,-0.0983,-0.1676,0.0790,-0.0725]
HID seg0s16 pos=367 sha=9f5f6c1c8d29ae01 first8=[-0.0040,0.0044,0.0154,-0.0020,-0.0015,-0.0010,-0.0023,-0.0021]
HID seg1s16 pos=367 sha=d8efada77a5aac43 first8=[-0.0265,0.0080,0.0906,0.0176,0.0217,-0.0128,-0.0102,0.0099]
HID seg2s16 pos=367 sha=c16d0227386704dd first8=[0.0228,-0.0240,0.1509,0.1637,-0.0390,-0.0066,0.0527,0.1532]
HID seg0s16 pos=383 sha=c9fb73c0c318777b first8=[-0.0011,0.0021,0.0145,0.0079,0.0042,0.0032,-0.0016,-0.0086]
HID seg1s16 pos=383 sha=182bc8492cd97a19 first8=[0.0024,-0.0185,0.0659,0.0157,-0.0080,-0.0097,0.0157,-0.0180]
HID seg2s16 pos=383 sha=f23a028a002464e9 first8=[0.0245,0.1500,0.0791,0.2527,-0.0859,-0.0331,0.0639,-0.0297]
HID seg0s16 pos=399 sha=739c03e81964e3e3 first8=[0.0017,0.0022,0.0094,-0.0029,-0.0022,-0.0104,0.0023,-0.0148]
HID seg1s16 pos=399 sha=60b7e43318c60ab5 first8=[0.0181,0.0139,0.0471,0.0172,0.0083,-0.0399,-0.0116,-0.0241]
HID seg2s16 pos=399 sha=63531f3290ecdf59 first8=[0.0630,0.0311,0.0583,0.1852,-0.0320,-0.1643,0.1266,-0.0687]
HID seg0s16 pos=415 sha=bf11309ba6279688 first8=[0.0004,0.0034,0.0086,0.0004,-0.0004,-0.0034,-0.0030,-0.0049]
HID seg1s16 pos=415 sha=28de0be4aaf86c65 first8=[-0.0268,0.0017,0.0967,0.0155,0.0226,-0.0162,-0.0168,-0.0046]
HID seg2s16 pos=415 sha=960820b3e09a367b first8=[0.0845,-0.0258,0.0143,0.1912,-0.0578,-0.1232,0.2340,0.1886]
HID seg0s16 pos=431 sha=68f3e86f91ddb535 first8=[0.0004,0.0018,0.0127,0.0087,0.0015,0.0016,-0.0019,-0.0028]
HID seg1s16 pos=431 sha=faf58b9e76762b4e first8=[0.0028,-0.0182,0.0712,0.0226,-0.0050,-0.0110,0.0123,-0.0159]
HID seg2s16 pos=431 sha=693f7297ae1412fd first8=[0.0323,0.1771,0.0970,0.2029,-0.1248,-0.0622,0.1265,-0.0850]
HID seg0s16 pos=447 sha=da42d28090a1e06e first8=[0.0011,0.0037,0.0074,-0.0028,-0.0029,-0.0103,0.0035,-0.0177]
HID seg1s16 pos=447 sha=1f546f4bba9b2e7d first8=[0.0151,0.0117,0.0525,0.0074,0.0060,-0.0405,-0.0159,-0.0174]
HID seg2s16 pos=447 sha=ba89ddc7fc64cca3 first8=[0.0493,0.0260,0.0614,0.1238,-0.0515,-0.2053,0.1669,-0.0533]
HID seg0s16 pos=463 sha=a70dc1188c6b786c first8=[-0.0005,-0.0031,0.0286,-0.0027,-0.0040,-0.0043,-0.0073,-0.0118]
HID seg1s16 pos=463 sha=164b6d3372631a8d first8=[-0.0040,-0.0219,0.0721,0.0232,0.0092,-0.0290,-0.0070,-0.0359]
HID seg2s16 pos=463 sha=7e23b4594bcc8e10 first8=[-0.0751,-0.0182,0.1696,0.2167,0.0343,-0.1687,0.0593,-0.3657]
HID seg0s16 pos=479 sha=894348651fac346a first8=[0.0013,-0.0094,0.0275,0.0038,-0.0031,0.0136,0.0071,-0.0054]
HID seg1s16 pos=479 sha=155c36c0fbbae5fc first8=[-0.0054,-0.0065,0.0660,0.0160,0.0107,0.0285,-0.0058,-0.0134]
HID seg2s16 pos=479 sha=b95306f58db535b8 first8=[-0.2703,0.1476,0.1370,0.2432,0.1282,0.1942,0.0479,-0.3042]
HID seg0s16 pos=495 sha=42d3c84f7fcd5d44 first8=[-0.0036,0.0025,0.0267,-0.0007,-0.0017,0.0047,-0.0015,-0.0185]
HID seg1s16 pos=495 sha=8aac506e994e4e94 first8=[-0.0038,-0.0199,0.0854,-0.0046,-0.0071,0.0151,0.0029,-0.0176]
HID seg2s16 pos=495 sha=550f48d19cbc14cb first8=[-0.0818,-0.1062,0.0714,0.2026,0.0252,0.0392,-0.0792,-0.0690]
HID seg0s16 pos=511 sha=f08c40698a3244eb first8=[-0.0086,-0.0027,0.0227,-0.0025,-0.0018,0.0060,0.0004,-0.0010]
HID seg1s16 pos=511 sha=2c4cd6787a9757de first8=[-0.0033,-0.0165,0.0862,-0.0085,-0.0110,0.0258,-0.0105,0.0123]
HID seg2s16 pos=511 sha=a0fbce1cb85a25f8 first8=[0.1132,-0.0567,0.0498,0.0710,0.1434,0.1925,-0.0187,0.1125]
HID seg0s16 pos=527 sha=59fc50521a6283d7 first8=[-0.0046,-0.0027,0.0135,0.0035,-0.0101,0.0104,0.0039,-0.0018]
HID seg1s16 pos=527 sha=0d0f6266ea37eb40 first8=[-0.0341,-0.0083,0.0662,0.0133,-0.0001,0.0309,0.0052,-0.0081]
HID seg2s16 pos=527 sha=896533b77659d969 first8=[-0.1439,0.0659,-0.0150,0.0757,0.0519,0.2130,0.0001,-0.1036]
HID seg0s16 pos=543 sha=8857e8d1f79d896a first8=[0.0003,-0.0042,0.0063,0.0061,-0.0055,0.0046,0.0004,-0.0062]
HID seg1s16 pos=543 sha=70548f43bd27f704 first8=[0.0237,-0.0007,0.0310,0.0217,-0.0166,0.0045,-0.0087,-0.0148]
HID seg2s16 pos=543 sha=d01d599799e21a9b first8=[-0.0534,0.1202,0.1792,0.4128,0.1569,0.2502,0.0315,-0.1247]
HID seg0s16 pos=559 sha=e027642b1f3b225e first8=[-0.0039,-0.0000,-0.0060,-0.0003,-0.0047,0.0113,-0.0028,0.0109]
HID seg1s16 pos=559 sha=705f291ab8a0605b first8=[-0.0012,-0.0012,0.0140,0.0092,0.0079,0.0245,-0.0001,0.0060]
HID seg2s16 pos=559 sha=b60c007c31c17b3c first8=[0.0113,0.0795,0.0805,-0.0940,0.0285,0.0400,0.2375,-0.0188]
HID seg0s16 pos=575 sha=2a51925ef3406be1 first8=[0.0059,0.0066,-0.0073,0.0016,0.0041,0.0081,0.0096,0.0079]
HID seg1s16 pos=575 sha=f7980beecd03783e first8=[0.0244,0.0033,0.0144,-0.0120,-0.0088,0.0172,-0.0108,-0.0064]
HID seg2s16 pos=575 sha=4183ec9d48d2ad06 first8=[0.0648,0.2124,0.3076,0.2430,0.0150,-0.1771,0.1107,-0.0027]
HID seg0s16 pos=591 sha=e625a4b04ac193ba first8=[0.0013,0.0040,0.0060,-0.0004,-0.0055,0.0123,-0.0024,-0.0069]
HID seg1s16 pos=591 sha=4ffe7c9c937e1ee7 first8=[0.0009,0.0038,0.0417,0.0212,0.0014,0.0107,0.0098,-0.0114]
HID seg2s16 pos=591 sha=19b6aa0db43c69b4 first8=[0.1241,0.2407,-0.0323,-0.0620,0.1830,0.1414,0.0095,-0.0875]
HID seg0s16 pos=607 sha=b9dec92573faf36e first8=[0.0002,0.0020,-0.0040,0.0066,0.0020,0.0056,-0.0031,-0.0049]
HID seg1s16 pos=607 sha=f3d6d75dd832b92d first8=[0.0142,-0.0034,0.0068,-0.0014,-0.0021,-0.0094,0.0030,-0.0144]
HID seg2s16 pos=607 sha=45c8156d07447632 first8=[0.1494,0.1443,0.0988,0.1227,-0.0072,-0.0528,0.1735,-0.1805]
HID seg0s16 pos=623 sha=ea2dbb0e4d338bd2 first8=[0.0015,-0.0018,0.0031,0.0050,-0.0053,0.0148,-0.0063,-0.0030]
HID seg1s16 pos=623 sha=41bac046c7c53519 first8=[-0.0133,0.0104,0.0347,-0.0046,0.0152,0.0031,0.0261,-0.0166]
HID seg2s16 pos=623 sha=76665f14b18fb6d9 first8=[0.1310,-0.0115,0.1035,0.0096,0.0331,0.0461,0.0883,-0.1343]
PROBE_JSON {"offset":6,"abs":{"2243":1.4215247187731953e-05,"794":2.0276961096005242e-07,"18171":1.2643302573872123e-05,"11683":0.00087946620145742894,"4547":0.12552404767891898,"2752":5.0397427603901932e-05,"17550":0.00064847771170594261,"12447":0.81851961016592345},"probs":{"2752":5.3294006951150981e-05,"4547":0.13273851042784132,"11683":0.00093001329794351886,"12447":0.86556381680200567,"17550":0.00068574880342994412,"18171":1.3369973177069009e-05,"2243":1.5032264908232365e-05,"794":2.1442374283306768e-07}}
PROBE_JSON {"offset":9,"probs":{"2752":0.23582523523118751,"4547":0.052619722504176014,"11683":0.0014467808747637685,"12447":0.095282008234898921,"17550":0.55694472722681598,"18171":0.04943165468204317,"2243":0.0003803754460973668,"794":0.0080694958000172481},"abs":{"2243":4.0128310801097592e-05,"794":0.00085130425424030935,"18171":0.0052148707884414917,"11683":0.00015263044236757389,"4547":0.0055512010582685761,"2752":0.024878757110091375,"17550":0.058755767078270689,"12447":0.010051926535825975}}
PROBE_JSON {"offset":12,"abs":{"2243":3.5342567011095204e-08,"794":1.2239770278501056e-07,"18171":2.0065068463879477e-06,"11683":3.8897909499661571e-07,"4547":4.6554702024337414e-07,"2752":2.5764057895200902e-06,"17550":2.8355834821985407e-05,"12447":4.0217125638565975e-06},"probs":{"2752":0.067848849248276735,"4547":0.012260036723625295,"11683":0.010243644104709343,"12447":0.10591055592831682,"17550":0.74674213587460248,"18171":0.052840736925051618,"2243":0.0009307355661662233,"794":0.0032233056292512285}}
PROBE_JSON {"offset":15,"probs":{"2752":0.098128046003218145,"4547":0.0024185017036183363,"11683":2.8824219732765309e-05,"12447":0.023674492854252074,"17550":0.87460575376128979,"18171":0.0010901041233542322,"2243":6.3815020244247459e-06,"794":4.7895832510417626e-05},"abs":{"2243":1.4105010573194619e-06,"794":1.0586398333585077e-05,"18171":0.00024094531549068249,"11683":6.3710067400846609e-06,"4547":0.00053456054656506849,"2752":0.021689206100770419,"17550":0.19331378971539051,"12447":0.0052327644925310142}}
SCORE_END {"ms":677718.75375000003,"rss_bytes":2805205896,"row":6}
SCORE_DONE scored=7 skipped=0
TIMING
  embed        n=273 total=2316.0ms mean=8.48ms
  head         n=28 total=27971.2ms mean=998.97ms
  load_head    n=1 total=2297.5ms mean=2297.49ms
  load_seg0_s16 n=1 total=3598.1ms mean=3598.13ms
  load_seg1_s16 n=1 total=3268.3ms mean=3268.30ms
  load_seg2_s16 n=1 total=7425.0ms mean=7424.97ms
  seg0         n=273 total=1442125.9ms mean=5282.51ms
  seg1         n=273 total=1468688.5ms mean=5379.81ms
  seg2         n=273 total=1476330.6ms mean=5407.80ms
