CONFIG compute_units=all oracle=none
SCORE_BEGIN {"requestId":"sdr-axis-es-pos-01","candidateViewDigest":"sha256:35058c58a0cc39c4f602ce726e7045bf06464f6b299e008b2df460f3edd3d534","probes":[{"offset":342,"axis":"evidence_sufficient"},{"axis":"still_needed","offset":345},{"axis":"full_content_needed","offset":348},{"axis":"unresolved_evidence","offset":351}],"row":0,"candidateId":"cand-axis-es-pos-01","axis":"","promptDigest":"sha256:8ca1e36e6fbba76efe96140c314efaa3443de4aa2eb80542b7e90389af2175f6","promptTokens":352}
HID seg0s16 pos=15 sha=d90046c44be67250 first8=[0.0110,-0.0066,0.0384,0.0014,-0.0040,-0.0121,-0.0018,-0.0042]
HID seg1s16 pos=15 sha=1663f3fdccc1466f first8=[0.0090,-0.0003,0.1375,-0.0156,0.0107,-0.0050,-0.0111,0.0126]
HID seg2s16 pos=15 sha=d31df2327f493a85 first8=[-0.0366,-0.0527,0.1782,-0.0646,-0.2118,0.0480,0.0560,-0.2014]
HID seg0s16 pos=31 sha=e8ee5498eea5d3ab first8=[0.0067,-0.0082,0.0424,0.0112,-0.0007,0.0025,-0.0033,-0.0006]
HID seg1s16 pos=31 sha=3d33222e274d64b4 first8=[-0.0040,-0.0307,0.1244,0.0183,-0.0093,0.0105,-0.0140,-0.0020]
HID seg2s16 pos=31 sha=f1bda0b216d49602 first8=[-0.1659,0.1392,0.0464,0.0714,0.0749,0.0099,0.0460,-0.2338]
HID seg0s16 pos=47 sha=08fefa5e862ac807 first8=[0.0060,-0.0177,0.0318,-0.0037,-0.0053,0.0120,0.0035,-0.0062]
HID seg1s16 pos=47 sha=f5e500aa2f805bb3 first8=[-0.0100,-0.0218,0.1015,0.0117,-0.0071,0.0202,-0.0041,-0.0108]
HID seg2s16 pos=47 sha=7f3c5c11c3284fb1 first8=[0.0471,-0.0255,0.0463,0.2104,0.1248,0.1159,-0.0401,-0.2625]
HID seg0s16 pos=63 sha=870296941e89f827 first8=[0.0073,0.0026,0.0334,0.0017,-0.0046,-0.0054,0.0009,-0.0037]
HID seg1s16 pos=63 sha=d3eaa4e1a0c44ba7 first8=[0.0102,0.0097,0.0905,-0.0088,0.0112,0.0081,-0.0095,-0.0318]
HID seg2s16 pos=63 sha=89c13a956643d1a6 first8=[-0.0682,-0.0784,0.0094,0.0770,-0.0307,0.0003,0.0607,-0.1448]
HID seg0s16 pos=79 sha=9f6451f4f553ee40 first8=[0.0005,-0.0030,0.0392,-0.0042,-0.0066,0.0059,-0.0039,-0.0128]
HID seg1s16 pos=79 sha=b37dd7ef837870d2 first8=[-0.0099,-0.0146,0.0981,-0.0008,0.0109,0.0105,0.0051,-0.0093]
HID seg2s16 pos=79 sha=caf9484e957d79f5 first8=[-0.0830,-0.0362,0.0414,0.0503,-0.0407,-0.0570,0.0228,0.0099]
HID seg0s16 pos=95 sha=a9decce5fae14337 first8=[-0.0007,-0.0036,0.0271,-0.0053,-0.0039,-0.0023,0.0002,0.0007]
HID seg1s16 pos=95 sha=5a57d45da472aeb4 first8=[0.0039,-0.0017,0.0997,-0.0202,0.0053,0.0051,0.0144,0.0087]
HID seg2s16 pos=95 sha=e892ea29116b6b16 first8=[0.0173,0.0220,0.0350,0.0385,0.0436,0.0321,0.1154,-0.1033]
HID seg0s16 pos=111 sha=15d72313ffefd502 first8=[0.0050,-0.0048,0.0332,-0.0051,-0.0013,-0.0000,0.0037,0.0003]
HID seg1s16 pos=111 sha=1ca61b33efddf44b first8=[-0.0061,-0.0007,0.0948,0.0063,0.0141,0.0150,0.0076,0.0101]
HID seg2s16 pos=111 sha=b473c7b615bfd935 first8=[0.0172,0.0882,-0.0161,-0.0657,-0.2698,0.0674,0.1228,-0.2417]
HID seg0s16 pos=127 sha=f85c8180e2cd3d95 first8=[-0.0024,0.0008,0.0357,0.0033,-0.0025,-0.0066,-0.0054,-0.0036]
HID seg1s16 pos=127 sha=d4ec2364f1add5d1 first8=[0.0235,0.0011,0.0671,0.0105,0.0034,-0.0063,0.0119,-0.0211]
HID seg2s16 pos=127 sha=f1d51a419443f921 first8=[0.0334,0.0616,0.2114,0.1553,-0.1348,0.1161,-0.1183,-0.3362]
HID seg0s16 pos=143 sha=33e2d9682a4a0f77 first8=[0.0028,-0.0035,0.0255,-0.0053,-0.0026,-0.0014,0.0027,0.0006]
HID seg1s16 pos=143 sha=a0f61d273ccad4e6 first8=[-0.0041,0.0076,0.0704,0.0029,0.0094,0.0201,0.0157,0.0034]
HID seg2s16 pos=143 sha=d536fa2a6bbc1edb first8=[0.0559,-0.0096,-0.0048,-0.1241,-0.1995,0.0253,0.0727,-0.2708]
HID seg0s16 pos=159 sha=0b12c9e9a989cf4b first8=[-0.0050,-0.0038,0.0236,-0.0041,-0.0035,-0.0073,-0.0033,0.0002]
HID seg1s16 pos=159 sha=60205f52ad483e54 first8=[0.0019,0.0040,0.0742,0.0040,0.0033,-0.0165,0.0020,-0.0178]
HID seg2s16 pos=159 sha=3710b43fb33b8a55 first8=[0.1805,-0.1533,0.0762,0.0582,-0.2028,-0.0997,-0.0760,-0.1744]
HID seg0s16 pos=175 sha=d55c00f60fc30131 first8=[-0.0034,-0.0020,0.0305,-0.0024,-0.0011,-0.0033,-0.0053,0.0036]
HID seg1s16 pos=175 sha=c8a817e0bdd186e8 first8=[-0.0065,-0.0095,0.0680,-0.0011,0.0099,-0.0105,-0.0006,0.0182]
HID seg2s16 pos=175 sha=29c889d69edaef08 first8=[0.0386,0.1561,0.1838,0.2800,-0.2205,0.0489,0.1039,-0.2825]
HID seg0s16 pos=191 sha=c79dda7773057f00 first8=[-0.0021,0.0024,0.0390,-0.0030,-0.0010,-0.0036,-0.0043,-0.0022]
HID seg1s16 pos=191 sha=96fde0a9e6d3d6c7 first8=[-0.0081,-0.0230,0.0859,0.0225,0.0084,-0.0137,0.0061,-0.0070]
HID seg2s16 pos=191 sha=23d03b476f542a4d first8=[-0.0555,-0.0882,0.1636,0.0785,0.0682,-0.1329,0.0090,-0.3494]
HID seg0s16 pos=207 sha=5d2e4ce5736a7a5f first8=[0.0027,-0.0014,0.0328,0.0068,-0.0034,0.0106,0.0079,0.0005]
HID seg1s16 pos=207 sha=4f19a59df6535da4 first8=[-0.0051,-0.0040,0.0579,0.0050,0.0043,0.0306,-0.0153,0.0107]
HID seg2s16 pos=207 sha=df61806d7282b6b2 first8=[-0.2561,0.1324,0.1594,-0.0349,0.2034,0.2086,0.0027,-0.3589]
HID seg0s16 pos=223 sha=01c943443a5d4dca first8=[-0.0051,0.0019,0.0333,-0.0032,-0.0011,0.0088,0.0051,-0.0129]
HID seg1s16 pos=223 sha=e60bd65e580302cb first8=[-0.0081,-0.0162,0.0857,-0.0126,0.0085,0.0053,-0.0058,-0.0041]
HID seg2s16 pos=223 sha=ca218b74efd8619a first8=[0.0757,-0.1696,-0.0010,0.0967,0.0948,-0.0118,-0.0760,-0.0500]
HID seg0s16 pos=239 sha=9af98bea69d7896f first8=[-0.0070,-0.0013,0.0330,-0.0045,-0.0055,0.0087,-0.0007,0.0060]
HID seg1s16 pos=239 sha=9dad5549ec3725d5 first8=[0.0008,-0.0142,0.0887,-0.0049,-0.0043,0.0194,-0.0034,0.0127]
HID seg2s16 pos=239 sha=49b64c0f452818ef first8=[0.1469,-0.0615,-0.0220,0.0386,0.0927,0.2396,0.0069,0.1203]
HID seg0s16 pos=255 sha=d36574809ab92888 first8=[-0.0064,-0.0036,0.0274,-0.0028,-0.0131,0.0116,0.0017,-0.0039]
HID seg1s16 pos=255 sha=ba36420d1aed7d69 first8=[-0.0119,-0.0164,0.0763,0.0128,-0.0037,0.0349,0.0002,-0.0064]
HID seg2s16 pos=255 sha=94830f821ec0a190 first8=[-0.1504,0.1387,0.1697,0.3140,0.0175,0.0691,0.0375,0.0518]
HID seg0s16 pos=271 sha=1cdf6558cbdcdc83 first8=[0.0039,-0.0015,0.0233,0.0033,-0.0039,0.0011,-0.0008,0.0036]
HID seg1s16 pos=271 sha=987d4f2d41c07598 first8=[0.0078,0.0056,0.0561,0.0137,-0.0008,0.0029,0.0015,-0.0181]
HID seg2s16 pos=271 sha=6301bc1d77311ea4 first8=[-0.2153,0.0364,0.1849,0.1040,0.2876,0.1555,-0.0186,-0.2771]
HID seg0s16 pos=287 sha=b6b92a5c5b78d44d first8=[-0.0007,-0.0042,0.0284,-0.0067,-0.0007,-0.0016,-0.0057,0.0065]
HID seg1s16 pos=287 sha=c07fd9c42a59151e first8=[0.0232,-0.0042,0.0609,0.0044,-0.0078,0.0111,-0.0119,-0.0028]
HID seg2s16 pos=287 sha=d909adf160b20be4 first8=[-0.0612,0.0032,-0.0342,-0.0055,-0.0281,-0.0671,0.0870,0.0641]
HID seg0s16 pos=303 sha=5e4c6687667899a8 first8=[-0.0068,0.0019,0.0317,0.0026,0.0070,0.0031,-0.0011,0.0026]
HID seg1s16 pos=303 sha=b438ab54e4e26ecd first8=[-0.0006,0.0078,0.0668,-0.0196,0.0049,0.0021,-0.0022,0.0030]
HID seg2s16 pos=303 sha=321e522ae751b6e8 first8=[0.0079,0.2456,0.1827,0.1531,-0.0502,-0.1520,0.1580,-0.1205]
HID seg0s16 pos=319 sha=ddeb09d63fb8d315 first8=[0.0013,-0.0076,0.0239,-0.0064,-0.0052,0.0137,-0.0025,-0.0046]
HID seg1s16 pos=319 sha=b7e146d171dc0c24 first8=[-0.0059,0.0055,0.0599,0.0108,0.0031,0.0284,-0.0012,-0.0118]
HID seg2s16 pos=319 sha=5e20f8de4255eef5 first8=[0.1835,0.2212,-0.0099,0.0529,0.0922,-0.0409,-0.0872,-0.1165]
HID seg0s16 pos=335 sha=42af16fe61440e3a first8=[-0.0013,0.0005,0.0208,0.0004,-0.0019,0.0045,-0.0002,-0.0072]
HID seg1s16 pos=335 sha=779ecf821511120b first8=[0.0099,-0.0078,0.0430,-0.0136,0.0014,-0.0017,0.0214,-0.0134]
HID seg2s16 pos=335 sha=9b8c4f1948215623 first8=[-0.0478,0.0034,0.0969,0.0320,-0.0374,0.0165,0.2096,-0.2422]
HID seg0s16 pos=351 sha=c3736e21e60befca first8=[-0.0029,-0.0024,0.0200,0.0056,-0.0045,0.0069,-0.0077,-0.0001]
HID seg1s16 pos=351 sha=8b6465fffca074c1 first8=[-0.0086,0.0090,0.0630,-0.0015,0.0009,0.0052,0.0129,-0.0232]
HID seg2s16 pos=351 sha=d13ec9cbf7da2e06 first8=[0.1527,-0.0247,0.0437,-0.0311,0.1232,0.0493,0.0442,-0.2705]
PROBE_JSON {"probs":{"2243":0.0001388363969308823,"12447":0.8558571320849967,"17550":0.0054173320926821106,"11683":0.00050389037748536111,"4547":0.13754875835160885,"2752":0.00045879740970011801,"794":9.1572529683549839e-06,"18171":6.6096033627667598e-05},"offset":6,"abs":{"18171":6.5778863008126339e-05,"12447":0.85175018765999011,"17550":0.0053913363031953196,"794":9.1133106704913897e-06,"11683":0.00050147239240461931,"2243":0.0001381701719910092,"2752":0.00045659580923044027,"4547":0.13688871231693653}}
PROBE_JSON {"offset":9,"probs":{"2243":0.00016622645209251309,"12447":0.083458186751839691,"11683":0.0004518503441322964,"17550":0.6987868422181347,"4547":0.024670192881462976,"2752":0.18807592712300725,"794":0.00078072738339908586,"18171":0.0036100468459315071},"abs":{"18171":0.0017128250940441677,"12447":0.039597623707592094,"17550":0.3315468440771065,"794":0.00037042440471387933,"11683":0.00021438519809085434,"2243":7.8867906869092451e-05,"2752":0.089234622516037254,"4547":0.011705035210249813}}
PROBE_JSON {"probs":{"2243":0.0011148296279711455,"12447":0.059923970071322517,"17550":0.64424339239883321,"11683":0.0018380433208427384,"4547":0.032074989822905305,"2752":0.25228933741273196,"794":0.0018963890789772532,"18171":0.0066190482664158033},"offset":12,"abs":{"18171":5.4774357425864419e-05,"12447":0.00049588654183372141,"17550":0.0053312827500521433,"794":1.569311614744473e-05,"11683":1.5210289722600801e-05,"2243":9.22550705986935e-06,"2752":0.0020877603223253775,"4547":0.00026542893876525971}}
PROBE_JSON {"offset":15,"probs":{"2243":9.2857080631343557e-05,"12447":0.036593431779572971,"17550":0.67976269867480521,"11683":0.00011646887194641143,"4547":0.013253262714562879,"2752":0.26619889760605914,"794":0.0010710278177252913,"18171":0.0029113554546968058},"abs":{"18171":0.00032862192706882554,"12447":0.004130517299103631,"17550":0.076728840385202501,"794":0.00012089325088676202,"11683":1.3146531139238012e-05,"2243":1.0481328458134052e-05,"2752":0.030047445623231306,"4547":0.0014959742295234913}}
SCORE_END {"rss_bytes":262866000,"ms":382417.59908299998,"row":0}
SCORE_BEGIN {"candidateId":"cand-axis-es-pos-02","candidateViewDigest":"sha256:39bf3996b5e077320111baba0ea8b1556e750c6e4f523665fdef2fba03daf150","probes":[{"axis":"evidence_sufficient","offset":342},{"offset":345,"axis":"still_needed"},{"offset":348,"axis":"full_content_needed"},{"offset":351,"axis":"unresolved_evidence"}],"requestId":"sdr-axis-es-pos-02","row":1,"promptDigest":"sha256:cdbaafa557e13e934c4fb35fe80cfb7bb1225beaa2b30ac509c3c0aba51d8673","axis":"","promptTokens":352}
HID seg0s16 pos=15 sha=d0426664c4703a07 first8=[0.0101,0.0006,0.0340,0.0087,0.0018,-0.0005,-0.0096,-0.0158]
HID seg1s16 pos=15 sha=60e9a3e70bb1ee83 first8=[-0.0096,0.0101,0.1361,0.0135,-0.0052,0.0005,-0.0258,-0.0327]
HID seg2s16 pos=15 sha=e10a8cc3dae879c1 first8=[-0.0779,0.0139,0.1615,0.0250,0.1749,0.0408,-0.0244,-0.3740]
HID seg0s16 pos=31 sha=025e7dc80dc6bdf1 first8=[0.0080,-0.0003,0.0418,0.0085,-0.0003,0.0037,-0.0039,0.0050]
HID seg1s16 pos=31 sha=32c5a9b3bac4292d first8=[0.0086,-0.0016,0.1262,-0.0053,0.0023,0.0025,0.0075,0.0085]
HID seg2s16 pos=31 sha=c0d4b2acaf33b168 first8=[-0.0245,0.0280,0.0867,-0.0369,-0.1179,-0.0759,0.0240,-0.0997]
HID seg0s16 pos=47 sha=c008f06cad8569cf first8=[0.0046,-0.0126,0.0396,-0.0054,0.0001,0.0026,-0.0056,-0.0008]
HID seg1s16 pos=47 sha=23aa802ad8527e4d first8=[-0.0066,-0.0225,0.0961,0.0133,0.0179,0.0214,0.0006,-0.0014]
HID seg2s16 pos=47 sha=980a087c12459449 first8=[-0.0710,0.0750,0.1401,0.2048,-0.0719,0.1837,-0.0216,-0.2827]
HID seg0s16 pos=63 sha=ebb522063ecccf20 first8=[0.0077,0.0011,0.0356,0.0039,-0.0045,-0.0050,0.0003,-0.0040]
HID seg1s16 pos=63 sha=464a98ff8df957a3 first8=[0.0149,0.0128,0.0892,-0.0081,0.0108,0.0045,-0.0060,-0.0408]
HID seg2s16 pos=63 sha=bc5df9098b7b49bd first8=[0.0997,-0.1052,-0.0603,0.0492,0.0026,-0.0193,0.1281,-0.2769]
HID seg0s16 pos=79 sha=9264dda0ecb4ce20 first8=[0.0017,-0.0020,0.0409,-0.0031,-0.0043,0.0076,-0.0032,-0.0083]
HID seg1s16 pos=79 sha=d67f62437171ea11 first8=[-0.0020,-0.0103,0.1054,-0.0058,0.0010,0.0233,0.0131,-0.0250]
HID seg2s16 pos=79 sha=743686cd65272727 first8=[-0.0443,-0.0304,-0.0497,-0.0126,-0.1586,0.1082,-0.0871,0.0668]
HID seg0s16 pos=95 sha=30bcd439fa4942e6 first8=[-0.0002,-0.0115,0.0318,-0.0036,-0.0044,0.0040,0.0009,-0.0008]
HID seg1s16 pos=95 sha=6af5343bd61ffdf5 first8=[0.0039,-0.0105,0.0922,-0.0117,0.0085,0.0109,0.0160,-0.0091]
HID seg2s16 pos=95 sha=85514c7cb5c7a303 first8=[-0.0183,0.1476,0.1228,-0.0561,-0.0898,0.1733,0.0974,-0.1681]
HID seg0s16 pos=111 sha=f8f0a931c474ad06 first8=[0.0053,-0.0050,0.0342,-0.0047,-0.0001,-0.0008,0.0041,0.0005]
HID seg1s16 pos=111 sha=da419c3befb3bb0a first8=[-0.0005,0.0060,0.1009,0.0002,0.0098,0.0132,-0.0012,-0.0004]
HID seg2s16 pos=111 sha=5b024c01d87f2453 first8=[0.0148,0.0641,0.0313,-0.0297,-0.2693,0.0534,0.1187,-0.2329]
HID seg0s16 pos=127 sha=d1775a1921d9eb55 first8=[-0.0033,-0.0004,0.0367,0.0021,-0.0028,-0.0073,-0.0069,-0.0057]
HID seg1s16 pos=127 sha=2ab1c1a2c90ab7b6 first8=[0.0220,0.0030,0.0650,0.0011,-0.0040,0.0062,0.0126,-0.0099]
HID seg2s16 pos=127 sha=c8e87128aa095e28 first8=[-0.0289,0.0233,0.1688,0.1588,-0.1394,0.0912,-0.1796,-0.2722]
HID seg0s16 pos=143 sha=9fab47d60a1c9612 first8=[0.0024,-0.0023,0.0267,-0.0032,-0.0002,-0.0033,0.0029,0.0004]
HID seg1s16 pos=143 sha=89c795864654f6c4 first8=[-0.0040,0.0061,0.0849,0.0055,0.0004,0.0136,0.0169,-0.0015]
HID seg2s16 pos=143 sha=a489139b0bbdbaf1 first8=[0.0079,0.0101,0.0213,-0.1029,-0.1830,0.0182,0.0601,-0.2686]
HID seg0s16 pos=159 sha=0db9ffe7515f43f2 first8=[-0.0062,-0.0023,0.0245,-0.0009,-0.0016,-0.0060,-0.0030,0.0017]
HID seg1s16 pos=159 sha=29873be1f9fa3300 first8=[0.0037,0.0069,0.0722,0.0047,0.0049,-0.0137,0.0051,-0.0185]
HID seg2s16 pos=159 sha=f01e58982783ef93 first8=[0.1973,-0.1410,0.0907,0.0550,-0.1980,-0.0844,-0.0834,-0.1754]
HID seg0s16 pos=175 sha=610637063be061c1 first8=[-0.0010,-0.0040,0.0319,-0.0031,-0.0011,-0.0041,-0.0063,0.0020]
HID seg1s16 pos=175 sha=ed29abaf5c2dac8c first8=[-0.0043,-0.0132,0.0708,0.0016,0.0085,-0.0181,-0.0032,0.0151]
HID seg2s16 pos=175 sha=355b9a8cb6e5e1fe first8=[0.0919,0.1350,0.2522,0.2551,-0.2206,0.1143,0.0700,-0.2512]
HID seg0s16 pos=191 sha=23fcc51c8755ba63 first8=[-0.0015,0.0049,0.0409,-0.0051,-0.0020,-0.0019,-0.0042,-0.0017]
HID seg1s16 pos=191 sha=edde96582b3aec78 first8=[-0.0031,-0.0259,0.0863,0.0204,0.0132,-0.0255,0.0083,-0.0047]
HID seg2s16 pos=191 sha=f952ac27eca8f60d first8=[-0.0384,-0.1478,0.1691,0.0511,0.0482,-0.1090,0.0058,-0.2480]
HID seg0s16 pos=207 sha=1b8847ef6dda7fe6 first8=[0.0025,-0.0012,0.0327,0.0043,-0.0023,0.0104,0.0085,0.0008]
HID seg1s16 pos=207 sha=7801bcf1cac787f2 first8=[-0.0043,-0.0038,0.0606,-0.0038,0.0054,0.0333,-0.0137,0.0102]
HID seg2s16 pos=207 sha=daa703563ecbf1e9 first8=[-0.2001,0.1271,0.1951,-0.0598,0.1853,0.2416,-0.0193,-0.3718]
HID seg0s16 pos=223 sha=bbe5a634576ef67e first8=[-0.0052,0.0020,0.0349,-0.0038,-0.0022,0.0111,0.0055,-0.0141]
HID seg1s16 pos=223 sha=b4eeecbc1e92222b first8=[-0.0074,-0.0140,0.0861,-0.0097,0.0041,0.0094,-0.0038,-0.0064]
HID seg2s16 pos=223 sha=712ad57c8117143c first8=[0.0896,-0.1564,0.0466,0.1448,0.0428,0.0150,-0.0992,-0.0251]
HID seg0s16 pos=239 sha=2920d20110dc56f0 first8=[-0.0097,-0.0024,0.0349,-0.0043,-0.0048,0.0059,-0.0018,0.0064]
HID seg1s16 pos=239 sha=e57e307e0f9ff889 first8=[0.0095,-0.0091,0.0956,-0.0056,-0.0031,0.0241,-0.0051,0.0148]
HID seg2s16 pos=239 sha=342d265d944037ee first8=[0.1715,-0.0624,0.0253,0.0430,0.0911,0.2539,0.0152,0.1512]
HID seg0s16 pos=255 sha=a206821a4d38fedf first8=[-0.0046,-0.0031,0.0281,-0.0023,-0.0120,0.0127,0.0013,-0.0036]
HID seg1s16 pos=255 sha=e0368854e87b151e first8=[-0.0113,-0.0109,0.0807,0.0071,-0.0090,0.0320,-0.0061,-0.0067]
HID seg2s16 pos=255 sha=7394fddb314fbef6 first8=[-0.1304,0.1625,0.1521,0.3433,0.0188,0.0486,0.0175,0.0601]
HID seg0s16 pos=271 sha=90612379411311fc first8=[0.0030,-0.0016,0.0257,0.0043,-0.0032,0.0008,0.0018,0.0037]
HID seg1s16 pos=271 sha=04f79d7c03f43732 first8=[0.0024,0.0146,0.0540,0.0194,0.0042,-0.0025,-0.0020,-0.0148]
HID seg2s16 pos=271 sha=f906484295f33139 first8=[-0.2137,0.0690,0.1921,0.0962,0.2681,0.0851,-0.0058,-0.2996]
HID seg0s16 pos=287 sha=8d91733e6c008087 first8=[-0.0004,-0.0053,0.0282,-0.0069,-0.0020,-0.0020,-0.0050,0.0092]
HID seg1s16 pos=287 sha=ee1a33d6d5cd124c first8=[0.0240,-0.0048,0.0676,0.0011,-0.0143,0.0161,-0.0128,-0.0020]
HID seg2s16 pos=287 sha=5c81591a7ef9ae01 first8=[-0.0525,0.0004,-0.0266,-0.0655,0.0120,-0.0662,0.0972,0.0734]
HID seg0s16 pos=303 sha=5e2d58979cd9a663 first8=[-0.0055,0.0025,0.0325,0.0019,0.0070,0.0021,-0.0009,0.0041]
HID seg1s16 pos=303 sha=d88abc21420f4a5b first8=[-0.0016,0.0118,0.0693,-0.0195,0.0023,0.0059,0.0043,-0.0015]
HID seg2s16 pos=303 sha=8328ba0dd711c97a first8=[0.0200,0.2305,0.1968,0.1348,-0.0452,-0.1277,0.1625,-0.1494]
HID seg0s16 pos=319 sha=dbcdfed26aef721b first8=[0.0020,-0.0066,0.0239,-0.0070,-0.0053,0.0123,-0.0009,-0.0057]
HID seg1s16 pos=319 sha=3329bd98a36aa5d4 first8=[-0.0020,-0.0004,0.0665,0.0174,0.0056,0.0311,-0.0005,-0.0087]
HID seg2s16 pos=319 sha=846f998ee0f7eafb first8=[0.1614,0.3154,-0.0159,0.0393,0.0995,0.0146,-0.1281,-0.1445]
HID seg0s16 pos=335 sha=c5642f2c01b48dd0 first8=[-0.0009,0.0009,0.0213,-0.0004,-0.0019,0.0056,-0.0003,-0.0058]
HID seg1s16 pos=335 sha=aeab011995174fcd first8=[0.0140,-0.0027,0.0453,-0.0121,0.0028,0.0067,0.0183,-0.0163]
HID seg2s16 pos=335 sha=2d3be532d9f83ed5 first8=[-0.0419,0.0264,0.0867,0.0026,-0.0346,0.0301,0.1658,-0.2571]
HID seg0s16 pos=351 sha=2687af85fdf34ed0 first8=[-0.0021,-0.0015,0.0231,0.0033,-0.0046,0.0069,-0.0057,0.0006]
HID seg1s16 pos=351 sha=a11305c4970a8fff first8=[-0.0069,0.0071,0.0587,0.0054,0.0122,0.0029,0.0168,-0.0282]
HID seg2s16 pos=351 sha=58115849de43a1b7 first8=[0.1766,0.0008,0.0515,-0.0208,0.1121,0.0181,0.0114,-0.2971]
PROBE_JSON {"offset":6,"abs":{"2752":0.00024883387803015765,"4547":0.10520441197281095,"17550":0.0039537133990860257,"11683":0.00074288073770975116,"18171":6.7498003341251927e-05,"2243":0.00015210909859694459,"12447":0.88086575674705481,"794":6.5283910366237967e-06},"probs":{"2752":0.00025103248777766954,"17550":0.0039886470378932186,"12447":0.88864878072419495,"4547":0.10613396162849185,"11683":0.00074944457396909495,"794":6.586073633070534e-06,"2243":0.00015345308177764299,"18171":6.8094392262481058e-05}}
PROBE_JSON {"offset":9,"probs":{"2752":0.17455340128264016,"17550":0.61884554577065154,"12447":0.14470985234073674,"4547":0.053235779611112172,"11683":0.00082107215995671893,"794":0.0012717014387059375,"2243":0.00040015861193608342,"18171":0.0061624887842606051},"abs":{"2752":0.1052375842867144,"4547":0.032095649828225631,"17550":0.37309963486786363,"11683":0.00049502129436599729,"18171":0.0037153411396404299,"2243":0.00024125411101838179,"12447":0.087245021700650405,"794":0.00076670397918314254}}
PROBE_JSON {"offset":12,"abs":{"2752":0.0005426568358744225,"4547":7.5771872002539624e-05,"17550":0.0018646938106788497,"11683":8.5013684275904349e-06,"18171":4.8163532233011643e-05,"2243":4.5504546089182993e-06,"12447":0.00017894923137699327,"794":1.0416094333488917e-05},"probs":{"2752":0.19850612750007618,"17550":0.68211275130214455,"12447":0.065460373096603547,"4547":0.027717665917575018,"11683":0.0031098359284336269,"794":0.003810250628253126,"2243":0.0016645752215130637,"18171":0.017618420405400945}}
PROBE_JSON {"offset":15,"probs":{"2752":0.18393401115536517,"17550":0.77439111171742492,"12447":0.028651392856417997,"4547":0.0060056582004448314,"11683":0.00016004536995253585,"794":0.00098808609757042223,"2243":4.8811080047510162e-05,"18171":0.0058208835227765232},"abs":{"2752":0.046998995579018397,"4547":0.0015345715642192091,"17550":0.19787316226848223,"11683":4.0894946984481003e-05,"18171":0.0014873577607236069,"2243":1.2472254157619001e-05,"12447":0.007321031481524509,"794":0.00025247671074913778}}
SCORE_END {"ms":386056.38958299998,"row":1,"rss_bytes":486212856}
SCORE_BEGIN {"candidateId":"cand-axis-es-neg-01","candidateViewDigest":"sha256:4ca1ddbc612c3c10e2988d21380d78d490248be2bdfdc39f110e71922289d417","probes":[{"axis":"evidence_sufficient","offset":342},{"offset":345,"axis":"still_needed"},{"offset":348,"axis":"full_content_needed"},{"offset":351,"axis":"unresolved_evidence"}],"requestId":"sdr-axis-es-neg-01","row":2,"promptDigest":"sha256:95b1e5d70eda9416ac8d27884ed5c930d91c7147a7d3546708585ab75258859e","axis":"","promptTokens":352}
HID seg0s16 pos=15 sha=3378010d1979bb2c first8=[0.0065,-0.0041,0.0453,-0.0000,0.0009,-0.0145,-0.0064,-0.0048]
HID seg1s16 pos=15 sha=33783001c638175e first8=[0.0074,-0.0018,0.1719,-0.0005,0.0045,-0.0159,-0.0085,-0.0296]
HID seg2s16 pos=15 sha=f36dc8af5d7d8a26 first8=[-0.0663,0.0079,0.2064,0.1449,0.1399,-0.0438,0.0773,-0.3635]
HID seg0s16 pos=31 sha=8611e6ccef2211b2 first8=[0.0008,0.0085,0.0349,0.0152,0.0036,-0.0015,-0.0054,-0.0107]
HID seg1s16 pos=31 sha=c843dba8acdfb4e9 first8=[-0.0195,0.0054,0.1002,0.0138,-0.0041,0.0061,0.0123,-0.0248]
HID seg2s16 pos=31 sha=5ad38bc89222e09e first8=[-0.1830,0.1180,0.1005,-0.0369,0.1135,-0.0806,0.1672,-0.2412]
HID seg0s16 pos=47 sha=5469962a0d1ab17a first8=[0.0058,-0.0099,0.0379,-0.0005,-0.0038,0.0078,0.0013,-0.0069]
HID seg1s16 pos=47 sha=dd2145f1816f9221 first8=[-0.0138,-0.0188,0.1226,0.0105,-0.0034,0.0169,0.0079,-0.0204]
HID seg2s16 pos=47 sha=5fcf3430a1444f7a first8=[-0.0396,-0.0811,0.0763,0.0437,0.1495,0.0872,-0.0288,-0.4182]
HID seg0s16 pos=63 sha=1df68704993b55e3 first8=[0.0049,-0.0080,0.0399,0.0028,-0.0084,-0.0123,-0.0017,0.0058]
HID seg1s16 pos=63 sha=bd55d08ccc81aa87 first8=[-0.0012,-0.0181,0.1025,0.0060,-0.0067,0.0123,-0.0041,0.0172]
HID seg2s16 pos=63 sha=c3ccfdda94749934 first8=[0.1412,0.0434,0.0342,0.0584,-0.1383,0.1704,0.1351,-0.0460]
HID seg0s16 pos=79 sha=28c963751ee7eb6f first8=[0.0030,-0.0128,0.0373,0.0069,-0.0033,0.0077,-0.0071,-0.0086]
HID seg1s16 pos=79 sha=719226c9d20d24b2 first8=[-0.0034,-0.0134,0.1078,-0.0053,-0.0002,0.0253,-0.0028,-0.0119]
HID seg2s16 pos=79 sha=7e0fb159a8c4e5e7 first8=[0.0558,0.0931,0.1415,0.0316,-0.1410,0.1930,0.0226,-0.2520]
HID seg0s16 pos=95 sha=59de232310c52a51 first8=[0.0005,-0.0061,0.0458,0.0050,-0.0052,0.0138,0.0030,0.0066]
HID seg1s16 pos=95 sha=126f0ae453dc6cc4 first8=[0.0007,-0.0162,0.1112,-0.0125,0.0065,0.0281,0.0206,0.0032]
HID seg2s16 pos=95 sha=294fc2a3530e66ef first8=[0.1210,0.0619,0.1224,0.0527,-0.0434,0.1951,0.1364,-0.3362]
HID seg0s16 pos=111 sha=0d7ba22509bede91 first8=[0.0036,-0.0044,0.0342,-0.0038,-0.0022,-0.0017,0.0027,0.0007]
HID seg1s16 pos=111 sha=2ae67bcd45c8d3d4 first8=[-0.0077,0.0011,0.0915,-0.0016,0.0046,0.0167,0.0133,-0.0058]
HID seg2s16 pos=111 sha=43d7ed010c70a899 first8=[0.0490,0.0546,0.0014,-0.1298,-0.1666,0.0839,0.1002,-0.3020]
HID seg0s16 pos=127 sha=8d36440bde8e9b07 first8=[-0.0048,0.0009,0.0327,0.0041,-0.0025,-0.0064,-0.0045,-0.0035]
HID seg1s16 pos=127 sha=f2bfb502715d3663 first8=[0.0202,0.0006,0.0608,-0.0040,-0.0034,-0.0088,0.0063,-0.0106]
HID seg2s16 pos=127 sha=c3c0b6854b8ec6c9 first8=[-0.0086,0.0036,0.2214,0.0740,-0.0861,0.0274,-0.0637,-0.3472]
HID seg0s16 pos=143 sha=33729bafb701ae12 first8=[0.0021,-0.0032,0.0235,-0.0048,-0.0005,-0.0018,0.0021,0.0015]
HID seg1s16 pos=143 sha=cb6f0480dc644edc first8=[-0.0071,-0.0016,0.0853,-0.0025,0.0080,0.0090,0.0145,-0.0020]
HID seg2s16 pos=143 sha=c6d32317a3b881e8 first8=[0.0536,-0.0403,-0.0254,-0.1464,-0.1765,0.0007,0.0757,-0.2815]
HID seg0s16 pos=159 sha=11b8285f06dc5b35 first8=[-0.0047,-0.0004,0.0220,-0.0029,-0.0025,-0.0098,-0.0022,-0.0019]
HID seg1s16 pos=159 sha=b985e3fd1cbed069 first8=[0.0070,-0.0002,0.0826,0.0021,0.0039,-0.0226,-0.0053,-0.0168]
HID seg2s16 pos=159 sha=1b5c617ca099f2ce first8=[0.1885,-0.1941,0.1033,0.0193,-0.1797,-0.1124,-0.0458,-0.2032]
HID seg0s16 pos=175 sha=7c96b3783c5f43ea first8=[-0.0014,-0.0026,0.0302,-0.0029,0.0020,-0.0028,-0.0073,0.0025]
HID seg1s16 pos=175 sha=45c46e2affb35bde first8=[-0.0056,-0.0155,0.0707,0.0056,0.0073,-0.0124,-0.0005,0.0209]
HID seg2s16 pos=175 sha=137cc904030826cc first8=[0.0695,0.1068,0.1968,0.2827,-0.1542,0.0269,0.0670,-0.2852]
HID seg0s16 pos=191 sha=f1655f77a651a50f first8=[-0.0019,0.0044,0.0399,-0.0027,-0.0025,-0.0013,-0.0043,-0.0013]
HID seg1s16 pos=191 sha=de878aca44acbf93 first8=[-0.0077,-0.0196,0.0808,0.0332,0.0114,-0.0108,-0.0013,-0.0007]
HID seg2s16 pos=191 sha=1a48e5310edf704f first8=[-0.0914,-0.0992,0.1642,0.0520,0.0464,-0.1725,0.0637,-0.3059]
HID seg0s16 pos=207 sha=949f68fa9409a7ed first8=[0.0011,-0.0008,0.0312,0.0054,-0.0017,0.0102,0.0091,0.0007]
HID seg1s16 pos=207 sha=27747640d5fbd34c first8=[-0.0023,-0.0117,0.0583,0.0047,0.0070,0.0335,-0.0148,0.0141]
HID seg2s16 pos=207 sha=2b2f56c1910d24bb first8=[-0.2559,0.1006,0.1527,-0.0503,0.1329,0.2006,-0.0124,-0.3545]
HID seg0s16 pos=223 sha=c7f98b0cc8b83f62 first8=[-0.0051,0.0030,0.0344,-0.0004,-0.0021,0.0102,0.0065,-0.0132]
HID seg1s16 pos=223 sha=7dd09412fb6cd4c0 first8=[-0.0083,-0.0211,0.0834,-0.0088,0.0049,0.0119,-0.0043,-0.0087]
HID seg2s16 pos=223 sha=37498ffadc4c9980 first8=[0.0940,-0.0949,0.0193,0.1198,0.0234,-0.0179,-0.1010,-0.0193]
HID seg0s16 pos=239 sha=e48a5a75b9636a38 first8=[-0.0082,-0.0017,0.0331,-0.0020,-0.0057,0.0054,-0.0013,0.0061]
HID seg1s16 pos=239 sha=be4a64c5370e28df first8=[0.0065,-0.0112,0.0875,-0.0002,-0.0016,0.0278,-0.0042,0.0111]
HID seg2s16 pos=239 sha=ca5dc4225504ecf0 first8=[0.1558,-0.0372,0.0390,0.0434,0.0806,0.2646,-0.0114,0.1028]
HID seg0s16 pos=255 sha=76b55dde8a3a24d5 first8=[-0.0082,-0.0033,0.0275,-0.0042,-0.0109,0.0108,0.0025,-0.0040]
HID seg1s16 pos=255 sha=6ce6ef4cb64b5705 first8=[-0.0034,-0.0033,0.0735,0.0174,-0.0046,0.0276,-0.0007,-0.0067]
HID seg2s16 pos=255 sha=74db466047014f04 first8=[-0.1522,0.1520,0.1949,0.3074,0.0458,0.0364,0.0274,0.0262]
HID seg0s16 pos=271 sha=d159af12f11a1820 first8=[0.0037,-0.0041,0.0243,0.0054,-0.0039,0.0007,0.0010,0.0014]
HID seg1s16 pos=271 sha=16e7c5b737807849 first8=[0.0042,0.0154,0.0519,0.0184,0.0007,-0.0009,0.0018,-0.0152]
HID seg2s16 pos=271 sha=3eedd44f1c21faf0 first8=[-0.2102,-0.0169,0.1924,0.0708,0.2610,0.1165,-0.0072,-0.2837]
HID seg0s16 pos=287 sha=4f51ca7add684288 first8=[-0.0007,-0.0049,0.0286,-0.0053,-0.0011,-0.0016,-0.0048,0.0076]
HID seg1s16 pos=287 sha=f7425faecd8a1a8f first8=[0.0197,-0.0040,0.0619,0.0047,-0.0153,0.0116,-0.0118,0.0002]
HID seg2s16 pos=287 sha=44fff6b9e23b9883 first8=[-0.0362,-0.0336,-0.0331,-0.0444,0.0176,-0.1360,0.0959,0.0811]
HID seg0s16 pos=303 sha=94176417c12bc580 first8=[-0.0062,0.0020,0.0314,0.0023,0.0054,0.0027,-0.0010,0.0022]
HID seg1s16 pos=303 sha=d1f726adca2eb8c2 first8=[-0.0025,0.0052,0.0696,-0.0258,0.0058,0.0005,0.0019,-0.0060]
HID seg2s16 pos=303 sha=aa964ac8751c39f2 first8=[0.0074,0.2444,0.1995,0.1210,-0.0446,-0.1080,0.1608,-0.1744]
HID seg0s16 pos=319 sha=3444e6e5f18f5a02 first8=[0.0029,-0.0064,0.0235,-0.0074,-0.0063,0.0166,-0.0033,-0.0021]
HID seg1s16 pos=319 sha=7e500ada76379bbf first8=[-0.0022,0.0028,0.0631,0.0145,0.0003,0.0250,-0.0002,-0.0144]
HID seg2s16 pos=319 sha=c9b04609d520886f first8=[0.1702,0.2198,0.0203,0.0894,0.0481,-0.0247,-0.1357,-0.1165]
HID seg0s16 pos=335 sha=6ad23dd66500764b first8=[0.0007,-0.0021,0.0194,0.0007,-0.0022,0.0076,0.0005,-0.0057]
HID seg1s16 pos=335 sha=eb03a612661dc484 first8=[0.0190,-0.0039,0.0412,-0.0102,0.0010,-0.0008,0.0174,-0.0189]
HID seg2s16 pos=335 sha=eec6b7b7b65cea82 first8=[-0.0995,0.0407,0.1440,0.0145,0.0271,0.0611,0.1803,-0.2676]
HID seg0s16 pos=351 sha=5269a066414ad99a first8=[-0.0016,-0.0035,0.0204,0.0044,-0.0060,0.0072,-0.0069,0.0004]
HID seg1s16 pos=351 sha=29817a539eab79b6 first8=[-0.0088,0.0054,0.0683,0.0062,0.0058,0.0054,0.0104,-0.0181]
HID seg2s16 pos=351 sha=c75c0bbd9ac158b1 first8=[0.1580,-0.0679,0.0565,-0.0306,0.1110,0.0322,0.0634,-0.3035]
PROBE_JSON {"offset":6,"abs":{"2752":0.00014300636824221381,"4547":0.10611345834710968,"17550":0.0025348485291631626,"11683":0.00037093029558336128,"18171":2.708084529878168e-05,"2243":5.4704811240827996e-05,"12447":0.88847710885101172,"794":2.2229311490845103e-06},"probs":{"2752":0.00014333268502595746,"17550":0.0025406326325529702,"12447":0.89050446606701394,"4547":0.10635559163715377,"11683":0.00037177669691873977,"794":2.2280035088120451e-06,"2243":5.4829638535436135e-05,"18171":2.7142639290528889e-05}}
PROBE_JSON {"offset":9,"probs":{"2752":0.12883774311153495,"17550":0.66459564781679503,"12447":0.16286616783421343,"4547":0.038084364119064469,"11683":0.00064511854222585609,"794":0.00055179913065226218,"2243":0.00014621221391051726,"18171":0.0042729472316035836},"abs":{"2752":0.078788820733595125,"4547":0.023289930922899601,"17550":0.4064236619764019,"11683":0.00039451272544683771,"18171":0.0026130578299829346,"2243":8.9413921981581365e-05,"12447":0.099598401766078398,"794":0.00033744461627426871}}
PROBE_JSON {"offset":12,"abs":{"2752":0.0041610503831159499,"4547":0.00043857148374326963,"17550":0.0069684480483909513,"11683":1.0075284214642278e-05,"18171":8.2405140306066822e-05,"2243":7.970205824104232e-06,"12447":0.0006184849245507569,"794":3.4351573219877872e-05},"probs":{"2752":0.33771039735890535,"17550":0.56555848709400747,"12447":0.05019616933215789,"4547":0.0355944140081077,"11683":0.00081770897306050164,"794":0.0027879699532264044,"2243":0.00064686103941738753,"18171":0.0066879922411174275}}
PROBE_JSON {"offset":15,"probs":{"2752":0.1282928813517443,"17550":0.81083597689130316,"12447":0.050240214199922049,"4547":0.0071255775725571095,"11683":0.000114277941527629,"794":0.00038358876899211101,"2243":3.7100615681577973e-05,"18171":0.0029703826582720395},"abs":{"2752":0.02473935997226857,"4547":0.0013740608732178672,"17550":0.15635756948806928,"11683":2.2036788811302464e-05,"18171":0.00057279379077081487,"2243":7.1542978602442188e-06,"12447":0.0096880725655231498,"794":7.3969346836921606e-05}}
SCORE_END {"ms":389665.87391600001,"row":2,"rss_bytes":708543904}
SCORE_BEGIN {"candidateId":"cand-axis-es-neg-02","candidateViewDigest":"sha256:21f0a1000e4bce37c3e4c08ac8eb5e930bcd2bf10f7de924d97d571da83bf275","probes":[{"axis":"evidence_sufficient","offset":342},{"offset":345,"axis":"still_needed"},{"offset":348,"axis":"full_content_needed"},{"offset":351,"axis":"unresolved_evidence"}],"requestId":"sdr-axis-es-neg-02","row":3,"promptDigest":"sha256:fcf7f3719acbb770d6e47995f7ff791832b9c5ddb07d44808aa7cef621e73d53","axis":"","promptTokens":352}
HID seg0s16 pos=15 sha=fa18b8c4afcf9cb5 first8=[0.0108,0.0035,0.0431,-0.0039,0.0015,-0.0072,0.0065,-0.0056]
HID seg1s16 pos=15 sha=3278f4b8fed1089f first8=[-0.0029,0.0126,0.1613,-0.0055,0.0045,-0.0058,-0.0142,0.0029]
HID seg2s16 pos=15 sha=485530932e984487 first8=[-0.0600,0.0363,0.2362,0.1053,0.0512,0.0757,0.1575,-0.0275]
HID seg0s16 pos=31 sha=207e621acb1054db first8=[0.0014,-0.0001,0.0375,0.0084,0.0018,0.0029,-0.0028,-0.0176]
HID seg1s16 pos=31 sha=1f6d95b5f97e41b5 first8=[0.0166,0.0028,0.1044,0.0091,0.0196,-0.0104,0.0040,-0.0371]
HID seg2s16 pos=31 sha=fa1e6b5b91898344 first8=[-0.0024,0.1523,-0.0016,0.0619,0.1637,0.0790,-0.0441,-0.3594]
HID seg0s16 pos=47 sha=2495d24900376edb first8=[0.0033,-0.0112,0.0382,0.0005,-0.0041,0.0113,0.0010,-0.0060]
HID seg1s16 pos=47 sha=0539197bd6f2fb61 first8=[-0.0197,-0.0153,0.1121,-0.0001,-0.0023,0.0201,0.0065,-0.0158]
HID seg2s16 pos=47 sha=b693efe4fe3e0493 first8=[-0.0804,-0.0660,0.1199,0.1230,0.1236,0.0616,0.0070,-0.4243]
HID seg0s16 pos=63 sha=63cee947eb689e17 first8=[0.0053,-0.0085,0.0400,0.0019,-0.0066,-0.0077,-0.0038,0.0069]
HID seg1s16 pos=63 sha=b289c94d01ca3d35 first8=[0.0058,-0.0159,0.0920,0.0058,-0.0057,0.0155,-0.0066,0.0207]
HID seg2s16 pos=63 sha=6f71f5d76783e0a5 first8=[0.0896,0.0165,0.0253,0.0620,-0.1180,0.1702,0.0805,-0.0641]
HID seg0s16 pos=79 sha=5e3bf03205d431e0 first8=[0.0030,-0.0082,0.0345,0.0053,-0.0038,0.0083,-0.0040,-0.0101]
HID seg1s16 pos=79 sha=9f13efe376fc534c first8=[-0.0085,0.0017,0.1108,-0.0026,0.0097,0.0288,0.0060,-0.0013]
HID seg2s16 pos=79 sha=c09702fd9c8a2ab9 first8=[0.0606,0.1512,0.1011,-0.0216,-0.2406,0.2302,-0.0532,-0.1606]
HID seg0s16 pos=95 sha=4c2ceff45230b26c first8=[-0.0009,-0.0039,0.0464,0.0049,-0.0049,0.0141,0.0045,0.0034]
HID seg1s16 pos=95 sha=b102245efa68f4c8 first8=[-0.0003,-0.0168,0.1175,-0.0121,0.0109,0.0279,0.0146,-0.0002]
HID seg2s16 pos=95 sha=5f23abc903acd1fa first8=[0.0383,0.0752,0.2058,0.0163,-0.1135,0.3083,0.1550,-0.2319]
HID seg0s16 pos=111 sha=bd639deafe890f7c first8=[0.0049,-0.0066,0.0342,-0.0032,-0.0014,-0.0041,0.0025,0.0003]
HID seg1s16 pos=111 sha=819a9c0be36c7f43 first8=[-0.0032,0.0075,0.0897,0.0003,0.0014,0.0071,0.0112,-0.0091]
HID seg2s16 pos=111 sha=c8edc322960d3060 first8=[0.0512,0.0571,0.0137,-0.0958,-0.1741,0.0706,0.1188,-0.2817]
HID seg0s16 pos=127 sha=27901e794b224d79 first8=[-0.0031,0.0001,0.0338,0.0031,-0.0023,-0.0055,-0.0048,-0.0056]
HID seg1s16 pos=127 sha=f84a2286c749ee05 first8=[0.0213,-0.0019,0.0613,-0.0058,-0.0056,-0.0017,0.0008,-0.0147]
HID seg2s16 pos=127 sha=97138ccd9c9fb8d1 first8=[-0.0296,0.0344,0.1477,0.0850,-0.1097,0.0023,-0.0920,-0.3540]
HID seg0s16 pos=143 sha=b78d96f1781be75e first8=[0.0037,-0.0026,0.0262,-0.0044,-0.0009,-0.0015,0.0023,0.0047]
HID seg1s16 pos=143 sha=8a266aaf2cf13c54 first8=[0.0011,-0.0018,0.0880,-0.0023,-0.0043,0.0013,0.0130,-0.0034]
HID seg2s16 pos=143 sha=045419dd8cb247c5 first8=[0.0364,-0.0015,0.0118,-0.1262,-0.1786,0.0164,0.0616,-0.2749]
HID seg0s16 pos=159 sha=b2d6735ffc5f4f90 first8=[-0.0050,-0.0019,0.0212,-0.0035,-0.0024,-0.0073,-0.0032,-0.0005]
HID seg1s16 pos=159 sha=127fc4ebd650796a first8=[0.0098,0.0087,0.0798,0.0045,0.0034,-0.0168,-0.0058,-0.0206]
HID seg2s16 pos=159 sha=29081fb2d9db5779 first8=[0.1713,-0.1349,0.0759,0.0757,-0.1501,-0.1171,-0.0757,-0.1693]
HID seg0s16 pos=175 sha=52d86c57fb8c650d first8=[-0.0035,-0.0023,0.0292,-0.0031,-0.0010,-0.0040,-0.0065,0.0041]
HID seg1s16 pos=175 sha=5efb1efcee6428e5 first8=[-0.0108,-0.0112,0.0682,0.0038,0.0092,-0.0118,-0.0031,0.0202]
HID seg2s16 pos=175 sha=45afcdd81acb0a35 first8=[0.0657,0.1327,0.2166,0.2722,-0.1859,0.0732,0.0593,-0.2642]
HID seg0s16 pos=191 sha=23fac267c599d555 first8=[-0.0027,0.0036,0.0398,-0.0053,-0.0034,-0.0020,-0.0051,-0.0014]
HID seg1s16 pos=191 sha=4f9481ed01aa753e first8=[-0.0087,-0.0155,0.0883,0.0285,0.0124,-0.0164,-0.0007,-0.0118]
HID seg2s16 pos=191 sha=8feb8b008abc460e first8=[-0.0453,-0.1204,0.1641,0.0813,0.0679,-0.1198,-0.0036,-0.3252]
HID seg0s16 pos=207 sha=93abc4c78dae9b47 first8=[0.0023,0.0001,0.0330,0.0047,-0.0032,0.0106,0.0070,0.0000]
HID seg1s16 pos=207 sha=ee97b642a7df8609 first8=[0.0016,-0.0044,0.0635,0.0043,0.0055,0.0333,-0.0081,0.0100]
HID seg2s16 pos=207 sha=da14efc8159f9bbe first8=[-0.2297,0.0900,0.1671,-0.0896,0.1749,0.2781,-0.0701,-0.3977]
HID seg0s16 pos=223 sha=22d99136300f534f first8=[-0.0057,0.0022,0.0329,-0.0017,-0.0009,0.0090,0.0053,-0.0127]
HID seg1s16 pos=223 sha=0b019a4b10e5689f first8=[-0.0047,-0.0175,0.0834,-0.0087,0.0056,0.0042,-0.0042,-0.0044]
HID seg2s16 pos=223 sha=81be59d7bfcae3cc first8=[0.0781,-0.0876,0.0582,0.1503,0.0216,0.0069,-0.1044,-0.0652]
HID seg0s16 pos=239 sha=4eb8902f0d76c9b4 first8=[-0.0088,-0.0022,0.0348,-0.0041,-0.0061,0.0070,-0.0013,0.0041]
HID seg1s16 pos=239 sha=99137cb374253083 first8=[0.0043,-0.0105,0.0958,-0.0014,-0.0062,0.0282,-0.0008,0.0095]
HID seg2s16 pos=239 sha=c76c26e78d086aea first8=[0.1312,-0.0632,0.0486,0.0465,0.1140,0.2844,-0.0145,0.1500]
HID seg0s16 pos=255 sha=2351b11a941ec88f first8=[-0.0071,-0.0041,0.0267,-0.0032,-0.0124,0.0120,0.0026,-0.0039]
HID seg1s16 pos=255 sha=a7b20fafed7d8519 first8=[-0.0119,-0.0068,0.0814,0.0163,-0.0074,0.0362,-0.0078,-0.0066]
HID seg2s16 pos=255 sha=6c0ced0d2fb5fc46 first8=[-0.2118,0.1259,0.1372,0.3179,0.0742,0.0828,0.0085,0.0621]
HID seg0s16 pos=271 sha=3988aa3ced5dee4c first8=[0.0046,-0.0020,0.0230,0.0049,-0.0041,0.0022,0.0015,0.0038]
HID seg1s16 pos=271 sha=514618501a4e2e2d first8=[0.0045,0.0143,0.0549,0.0125,-0.0006,-0.0094,0.0029,-0.0178]
HID seg2s16 pos=271 sha=e707b5dbd43d5a16 first8=[-0.2134,0.0326,0.1841,0.0695,0.2964,0.0972,-0.0328,-0.3181]
HID seg0s16 pos=287 sha=ae0b102d5844bfba first8=[0.0010,-0.0030,0.0288,-0.0059,-0.0013,-0.0011,-0.0059,0.0076]
HID seg1s16 pos=287 sha=68ec5d9db47708b6 first8=[0.0234,-0.0036,0.0659,0.0013,-0.0122,0.0175,-0.0158,0.0034]
HID seg2s16 pos=287 sha=c4398edf9ca5cfd0 first8=[0.0016,-0.0603,-0.0388,-0.0172,-0.0275,-0.1378,0.0687,0.1466]
HID seg0s16 pos=303 sha=904802bfa27b76e7 first8=[-0.0066,0.0021,0.0333,0.0028,0.0065,0.0016,-0.0014,0.0031]
HID seg1s16 pos=303 sha=7702b42d2b7d5bd3 first8=[-0.0007,0.0073,0.0673,-0.0186,-0.0009,0.0068,0.0072,0.0015]
HID seg2s16 pos=303 sha=01fcb6ffef16f454 first8=[0.0151,0.2598,0.2128,0.1050,-0.0443,-0.0931,0.1407,-0.1469]
HID seg0s16 pos=319 sha=1081ee9352763570 first8=[0.0021,-0.0069,0.0245,-0.0052,-0.0059,0.0164,-0.0025,-0.0043]
HID seg1s16 pos=319 sha=c1ce03d8bdc47e7a first8=[-0.0040,0.0113,0.0522,0.0144,0.0067,0.0269,-0.0024,-0.0135]
HID seg2s16 pos=319 sha=a982048629777d40 first8=[0.1154,0.2661,0.0102,0.0535,0.1185,-0.0080,-0.1714,-0.2268]
HID seg0s16 pos=335 sha=d8ae17a300ea186f first8=[0.0016,-0.0006,0.0195,0.0004,-0.0014,0.0046,-0.0003,-0.0058]
HID seg1s16 pos=335 sha=ba06787b0f6725ce first8=[0.0181,-0.0022,0.0454,-0.0091,0.0023,-0.0033,0.0207,-0.0228]
HID seg2s16 pos=335 sha=e6fda90c31b7f6c9 first8=[-0.0047,0.0207,0.1315,-0.0399,0.0403,0.0314,0.1968,-0.2365]
HID seg0s16 pos=351 sha=1312f5d1da9d1398 first8=[-0.0040,-0.0020,0.0215,0.0054,-0.0061,0.0079,-0.0070,-0.0004]
HID seg1s16 pos=351 sha=5b25cb81771b6b29 first8=[-0.0068,0.0035,0.0633,0.0137,0.0054,0.0105,0.0103,-0.0285]
HID seg2s16 pos=351 sha=6ef860cb4d7d075d first8=[0.1409,-0.0206,0.0836,-0.0257,0.2086,0.0850,0.0727,-0.3005]
PROBE_JSON {"offset":6,"abs":{"2752":0.00025415433704754984,"4547":0.13165520603571113,"17550":0.0040382499994592357,"11683":0.00040613747418720425,"18171":4.5924750975061558e-05,"2243":0.00011016775049566657,"12447":0.85849978480866551,"794":5.4849293258615275e-06},"probs":{"2752":0.00025542761559230686,"17550":0.0040584810808659425,"12447":0.86280075157308833,"4547":0.13231478065127031,"11683":0.00040817216750824577,"794":5.5124080732685475e-06,"2243":0.00011071967589131321,"18171":4.6154827710202677e-05}}
PROBE_JSON {"offset":9,"probs":{"2752":0.15274408907431347,"17550":0.72870129409624251,"12447":0.092643973113448616,"4547":0.022004872378163915,"11683":0.00034473264671482041,"794":0.00043578289825508285,"2243":0.00010032291962227053,"18171":0.0030249328732389999},"abs":{"2752":0.087156621709287868,"4547":0.01255610183836117,"17550":0.41580098721669756,"11683":0.00019670635415519909,"18171":0.0017260434215599168,"2243":5.7244812596548097e-05,"12447":0.052863163263658808,"794":0.00024866013107791387}}
PROBE_JSON {"offset":12,"abs":{"2752":0.006557059301719439,"4547":0.00054671219064605524,"17550":0.025135777390526203,"11683":2.4209255149772439e-05,"18171":0.00025424478012979555,"2243":1.2268653386579235e-05,"12447":0.00146307769209541,"794":5.853047180941277e-05},"probs":{"2752":0.19256086162229447,"17550":0.73816122886012181,"12447":0.0429661358921022,"4547":0.016055271981848699,"11683":0.00071095209244969172,"794":0.0017188616976247966,"2243":0.00036029298476002446,"18171":0.0074663948687983079}}
PROBE_JSON {"offset":15,"probs":{"2752":0.054618682713944232,"17550":0.92380498897150043,"12447":0.017457179530946047,"4547":0.0010003760691669505,"11683":4.8273428632722581e-05,"794":0.00021133483627449649,"2243":9.3582310051633107e-06,"18171":0.0028498062185300407},"abs":{"2752":0.029138599340890275,"4547":0.00053369206325125417,"17550":0.49284204790760744,"11683":2.5753460644719132e-05,"18171":0.0015203472049267197,"2243":4.992536074644904e-06,"12447":0.009313255734092642,"794":0.00011274532476783904}}
SCORE_END {"ms":378562.36933399999,"row":3,"rss_bytes":931677720}
SCORE_BEGIN {"candidateId":"cand-axis-sn-pos-01","candidateViewDigest":"sha256:10eb203d011dabd6fd865d280e62550d0660b297981952c776ee37040da15d1d","probes":[{"axis":"evidence_sufficient","offset":342},{"offset":345,"axis":"still_needed"},{"offset":348,"axis":"full_content_needed"},{"offset":351,"axis":"unresolved_evidence"}],"requestId":"sdr-axis-sn-pos-01","row":4,"promptDigest":"sha256:8ce247bb4b1f8032b34508e2fa0359fd7beaf25ee49a6e378500f894832c50b5","axis":"","promptTokens":352}
HID seg0s16 pos=15 sha=f85cff9013e84a2f first8=[0.0071,-0.0068,0.0392,0.0077,-0.0081,-0.0083,-0.0043,0.0037]
HID seg1s16 pos=15 sha=d5df71db187bfd9b first8=[0.0031,-0.0140,0.1210,0.0099,-0.0052,-0.0281,-0.0012,0.0023]
HID seg2s16 pos=15 sha=72e6303e65825bf8 first8=[-0.1798,0.1506,0.2001,0.0931,0.0609,-0.1556,0.1670,-0.2018]
HID seg0s16 pos=31 sha=975a06f7e961d9a9 first8=[0.0005,-0.0123,0.0341,0.0006,-0.0049,0.0021,-0.0051,-0.0155]
HID seg1s16 pos=31 sha=65b740461f8535e6 first8=[0.0072,-0.0093,0.1261,-0.0013,-0.0125,0.0253,-0.0032,-0.0433]
HID seg2s16 pos=31 sha=b02889f7addcafb5 first8=[-0.0842,0.1641,0.2297,-0.0570,-0.0218,0.0760,-0.0600,-0.2983]
HID seg0s16 pos=47 sha=f7f6ada940653375 first8=[0.0067,-0.0136,0.0251,0.0039,-0.0007,-0.0051,-0.0009,0.0033]
HID seg1s16 pos=47 sha=c5a0f60502278502 first8=[-0.0163,-0.0103,0.0873,0.0089,0.0081,-0.0192,-0.0054,0.0014]
HID seg2s16 pos=47 sha=2feced9f1992cccf first8=[0.0058,0.1389,-0.0909,-0.0633,0.1995,-0.1420,-0.0483,0.0991]
HID seg0s16 pos=63 sha=849cb4a7836cb689 first8=[0.0052,0.0032,0.0354,0.0040,-0.0048,-0.0035,0.0013,-0.0035]
HID seg1s16 pos=63 sha=c8ae5afc938a8dbf first8=[0.0179,0.0041,0.0822,0.0020,0.0090,0.0113,-0.0056,-0.0269]
HID seg2s16 pos=63 sha=1b1f42bb2dbda82f first8=[0.0384,-0.0665,0.0687,0.1206,-0.1411,-0.0189,0.0431,-0.1306]
HID seg0s16 pos=79 sha=06bcee4daec3820f first8=[0.0007,-0.0049,0.0427,-0.0023,-0.0051,0.0033,-0.0039,-0.0085]
HID seg1s16 pos=79 sha=1b5d434f02f7397a first8=[-0.0023,-0.0108,0.1000,-0.0082,0.0052,0.0128,-0.0037,-0.0123]
HID seg2s16 pos=79 sha=d6b830b11faca8b2 first8=[0.0215,-0.0388,-0.0197,0.0042,-0.1609,-0.0737,0.0418,0.1525]
HID seg0s16 pos=95 sha=3c2040d4148d7ea2 first8=[0.0011,-0.0043,0.0280,-0.0018,0.0033,-0.0056,-0.0016,0.0012]
HID seg1s16 pos=95 sha=5a10b1aa5d9556a5 first8=[-0.0011,-0.0078,0.0897,-0.0136,0.0116,-0.0045,0.0099,0.0096]
HID seg2s16 pos=95 sha=4d45f78353c9f5f2 first8=[0.0730,0.1262,0.0591,0.0790,-0.1132,0.1100,0.0600,-0.1060]
HID seg0s16 pos=111 sha=172abd3ef150f10a first8=[0.0056,-0.0050,0.0336,-0.0042,-0.0021,-0.0026,0.0040,0.0020]
HID seg1s16 pos=111 sha=fca75cc32f376565 first8=[-0.0037,0.0009,0.0935,0.0010,0.0134,0.0140,-0.0013,0.0063]
HID seg2s16 pos=111 sha=1db10d102e872ebb first8=[0.0626,0.0999,0.0166,-0.0669,-0.2494,0.0848,0.0886,-0.2338]
HID seg0s16 pos=127 sha=64d910735513fc2d first8=[-0.0036,-0.0008,0.0349,0.0037,-0.0022,-0.0040,-0.0049,-0.0039]
HID seg1s16 pos=127 sha=012f33a490994199 first8=[0.0216,0.0027,0.0785,0.0038,-0.0017,0.0043,0.0066,-0.0147]
HID seg2s16 pos=127 sha=7eb7a3b1b739247d first8=[-0.0038,0.0629,0.1757,0.1464,-0.1584,0.0755,-0.1318,-0.3567]
HID seg0s16 pos=143 sha=8fd4660a86b519af first8=[0.0020,-0.0015,0.0267,-0.0046,-0.0023,-0.0050,0.0027,0.0018]
HID seg1s16 pos=143 sha=5cb332d03aa1ab92 first8=[-0.0018,0.0010,0.0840,0.0035,0.0119,0.0077,0.0119,-0.0042]
HID seg2s16 pos=143 sha=aa055d59efbbec64 first8=[0.0434,0.0054,-0.0054,-0.1295,-0.2092,0.0158,0.0806,-0.2600]
HID seg0s16 pos=159 sha=2d4ba3a0c55eee26 first8=[-0.0041,-0.0015,0.0230,-0.0023,-0.0031,-0.0070,-0.0038,-0.0002]
HID seg1s16 pos=159 sha=27b0a2a97adcbadf first8=[0.0096,0.0028,0.0690,0.0090,-0.0023,-0.0117,0.0038,-0.0172]
HID seg2s16 pos=159 sha=989329603fc72959 first8=[0.2286,-0.1277,0.0986,0.0872,-0.2471,-0.0685,-0.0988,-0.1614]
HID seg0s16 pos=175 sha=54edd9adfcbbab76 first8=[-0.0038,-0.0027,0.0298,-0.0030,0.0008,-0.0047,-0.0064,0.0037]
HID seg1s16 pos=175 sha=83987f7e4041cf18 first8=[-0.0101,-0.0120,0.0659,0.0041,0.0028,-0.0105,-0.0032,0.0239]
HID seg2s16 pos=175 sha=25a62b6edaf8aae0 first8=[0.1100,0.2069,0.2646,0.3196,-0.2812,0.1255,0.0237,-0.2230]
HID seg0s16 pos=191 sha=807c5c6e62d26496 first8=[0.0002,0.0059,0.0392,-0.0031,-0.0035,-0.0017,-0.0035,-0.0004]
HID seg1s16 pos=191 sha=9834535790138583 first8=[-0.0082,-0.0271,0.0844,0.0238,0.0094,-0.0189,-0.0019,-0.0032]
HID seg2s16 pos=191 sha=b7662ee87201d2e5 first8=[-0.0256,-0.0840,0.1727,0.0527,0.0461,-0.1526,0.0242,-0.3535]
HID seg0s16 pos=207 sha=8a3da52c9f4c89ab first8=[0.0030,-0.0009,0.0325,0.0058,-0.0030,0.0110,0.0076,0.0006]
HID seg1s16 pos=207 sha=7950f1fb2a0b4f81 first8=[-0.0053,-0.0104,0.0653,0.0028,0.0066,0.0359,-0.0110,0.0110]
HID seg2s16 pos=207 sha=d25a9d9e67c6061f first8=[-0.1053,0.1134,0.1429,-0.0671,0.0977,0.2996,-0.0236,-0.4211]
HID seg0s16 pos=223 sha=2fc737ffc0abe3c0 first8=[-0.0046,0.0024,0.0324,-0.0041,-0.0017,0.0108,0.0068,-0.0148]
HID seg1s16 pos=223 sha=4c8877de8a43d319 first8=[-0.0045,-0.0164,0.0877,-0.0069,0.0094,0.0061,-0.0041,-0.0154]
HID seg2s16 pos=223 sha=89171190f28d046f first8=[0.1111,-0.0755,-0.0396,0.1434,-0.0515,-0.0350,-0.0739,-0.0345]
HID seg0s16 pos=239 sha=da3d70f81a268160 first8=[-0.0087,-0.0019,0.0323,-0.0048,-0.0059,0.0054,-0.0015,0.0046]
HID seg1s16 pos=239 sha=fa93630d566a6262 first8=[0.0059,-0.0073,0.0920,-0.0024,-0.0074,0.0260,-0.0044,0.0094]
HID seg2s16 pos=239 sha=47c57d8b6902c9dc first8=[0.1445,-0.0346,-0.0171,0.0274,0.1014,0.2455,-0.0220,0.1731]
HID seg0s16 pos=255 sha=fb07c98119fe02bb first8=[-0.0082,-0.0026,0.0255,-0.0028,-0.0126,0.0136,0.0028,-0.0038]
HID seg1s16 pos=255 sha=c2e0a0141f707258 first8=[-0.0155,-0.0135,0.0804,0.0110,-0.0036,0.0322,-0.0044,-0.0037]
HID seg2s16 pos=255 sha=1d2c8491e079d485 first8=[-0.1432,0.2166,0.1624,0.3013,0.0702,0.0308,0.0338,0.0297]
HID seg0s16 pos=271 sha=87475b77605aa7c9 first8=[0.0023,-0.0022,0.0230,0.0049,-0.0040,0.0009,0.0008,0.0038]
HID seg1s16 pos=271 sha=8957338143ab735e first8=[0.0041,0.0077,0.0606,0.0235,-0.0106,0.0007,-0.0026,-0.0239]
HID seg2s16 pos=271 sha=911449aa120c32c7 first8=[-0.1665,0.0674,0.1790,0.0926,0.2460,0.1001,-0.0432,-0.2917]
HID seg0s16 pos=287 sha=018f971be26ec378 first8=[-0.0006,-0.0036,0.0275,-0.0069,-0.0022,-0.0009,-0.0067,0.0070]
HID seg1s16 pos=287 sha=28d1722eea9ac9ca first8=[0.0215,0.0002,0.0660,0.0038,-0.0049,0.0123,-0.0053,-0.0090]
HID seg2s16 pos=287 sha=f579d955af558279 first8=[-0.0706,0.0526,-0.0300,-0.0605,-0.0011,-0.0911,0.1565,0.0389]
HID seg0s16 pos=303 sha=ca8f32261b22a32a first8=[-0.0074,0.0023,0.0328,0.0043,0.0070,0.0009,-0.0013,0.0043]
HID seg1s16 pos=303 sha=a0023ef7a908f82b first8=[0.0022,0.0032,0.0676,-0.0184,-0.0001,0.0061,0.0033,-0.0003]
HID seg2s16 pos=303 sha=de22666bb666bc7a first8=[0.0356,0.2397,0.1971,0.1339,-0.0782,-0.0942,0.1775,-0.1710]
HID seg0s16 pos=319 sha=555308af348ac789 first8=[0.0013,-0.0081,0.0247,-0.0055,-0.0061,0.0148,-0.0022,-0.0040]
HID seg1s16 pos=319 sha=26344a670b72f40b first8=[-0.0132,0.0069,0.0636,0.0160,0.0106,0.0313,0.0073,-0.0156]
HID seg2s16 pos=319 sha=9d7c54b337ce4d09 first8=[0.1493,0.3284,-0.0109,0.1096,0.0705,0.0194,-0.1631,-0.2170]
HID seg0s16 pos=335 sha=c978509c0f0a2fa9 first8=[0.0001,-0.0012,0.0214,-0.0005,-0.0015,0.0056,-0.0006,-0.0057]
HID seg1s16 pos=335 sha=783e9261c17d58e2 first8=[0.0161,-0.0010,0.0482,-0.0085,-0.0020,-0.0030,0.0220,-0.0225]
HID seg2s16 pos=335 sha=668550c937e6ea47 first8=[0.0361,0.0103,0.0912,0.0102,0.0017,0.1085,0.2350,-0.3015]
HID seg0s16 pos=351 sha=c0ad5bd6cc228c6e first8=[-0.0032,-0.0023,0.0209,0.0038,-0.0043,0.0076,-0.0066,0.0027]
HID seg1s16 pos=351 sha=ca11eb6c0d439e2f first8=[-0.0094,-0.0003,0.0656,0.0031,0.0074,-0.0044,0.0176,-0.0216]
HID seg2s16 pos=351 sha=4e7794f3df8ff51b first8=[0.1791,0.0920,0.0405,-0.0293,0.1680,0.0305,0.0637,-0.3923]
PROBE_JSON {"offset":6,"abs":{"2752":0.00035563006863497694,"4547":0.17037651439042506,"17550":0.0033218132004151683,"11683":0.0015938233916849521,"18171":0.00011727434951451252,"2243":0.00048608867083252774,"12447":0.81282089063038165,"794":1.6633039648507921e-05},"probs":{"2752":0.00035955327387079923,"17550":0.0033584584565103967,"12447":0.82178768915264022,"4547":0.17225605746698008,"11683":0.0016114059777110298,"794":1.6816530399127335e-05,"2243":0.00049145105659986125,"18171":0.00011856808528834337}}
PROBE_JSON {"offset":9,"probs":{"2752":0.21504699603370908,"17550":0.632058270746228,"12447":0.089644925092408137,"4547":0.033497861147332671,"11683":0.0018605210640303428,"794":0.0039387231234604666,"2243":0.00056742686535321996,"18171":0.02338527592747796},"abs":{"2752":0.060612107699079078,"4547":0.0094415453598461728,"17550":0.17814889156860775,"11683":0.00052439748143115364,"18171":0.0065912609300842785,"2243":0.00015993219579197955,"12447":0.025266885632409371,"794":0.0011101494769013972}}
PROBE_JSON {"offset":12,"abs":{"2752":0.002455559652942143,"4547":0.00029327477810687602,"17550":0.0085707453412740518,"11683":1.7612519401278569e-05,"18171":9.3736249190114925e-05,"2243":8.8561309225887133e-06,"12447":0.00070352961954426761,"794":1.9957599114168275e-05},"probs":{"2752":0.2018831507713762,"17550":0.70464143352508002,"12447":0.057840491101248268,"4547":0.024111503939663145,"11683":0.0014480083615528794,"794":0.001640808434921475,"2243":0.00072810432935475108,"18171":0.0077064995368032047}}
PROBE_JSON {"offset":15,"probs":{"2752":0.10460312068787746,"17550":0.87583120645780221,"12447":0.01068588151580991,"4547":0.0012178029635023483,"11683":6.6589949960132606e-05,"794":0.0004658511510066554,"2243":1.1215577550225459e-05,"18171":0.0071183316964912721},"abs":{"2752":0.045919457052760904,"4547":0.00053460021568698529,"17550":0.38447890661322959,"11683":2.9232152226737293e-05,"18171":0.0031248582688051568,"2243":4.9234977718898268e-06,"12447":0.0046909678612771181,"794":0.00020450280814718029}}
SCORE_END {"ms":381171.27625,"row":4,"rss_bytes":1154975424}
SCORE_BEGIN {"candidateId":"cand-axis-sn-pos-02","candidateViewDigest":"sha256:d527b79ceede3666742b5a69eb5751817e92e895edbccb533f89f356ed9a73a3","probes":[{"axis":"evidence_sufficient","offset":342},{"offset":345,"axis":"still_needed"},{"offset":348,"axis":"full_content_needed"},{"offset":351,"axis":"unresolved_evidence"}],"requestId":"sdr-axis-sn-pos-02","row":5,"promptDigest":"sha256:65290dd945a779182c3217fa84541e267bde99f602acdcbaca09891b5ee2830e","axis":"","promptTokens":352}
HID seg0s16 pos=15 sha=f85cff9013e84a2f first8=[0.0071,-0.0068,0.0392,0.0077,-0.0081,-0.0083,-0.0043,0.0037]
HID seg1s16 pos=15 sha=d5df71db187bfd9b first8=[0.0031,-0.0140,0.1210,0.0099,-0.0052,-0.0281,-0.0012,0.0023]
HID seg2s16 pos=15 sha=72e6303e65825bf8 first8=[-0.1798,0.1506,0.2001,0.0931,0.0609,-0.1556,0.1670,-0.2018]
HID seg0s16 pos=31 sha=975a06f7e961d9a9 first8=[0.0005,-0.0123,0.0341,0.0006,-0.0049,0.0021,-0.0051,-0.0155]
HID seg1s16 pos=31 sha=65b740461f8535e6 first8=[0.0072,-0.0093,0.1261,-0.0013,-0.0125,0.0253,-0.0032,-0.0433]
HID seg2s16 pos=31 sha=b02889f7addcafb5 first8=[-0.0842,0.1641,0.2297,-0.0570,-0.0218,0.0760,-0.0600,-0.2983]
HID seg0s16 pos=47 sha=f7f6ada940653375 first8=[0.0067,-0.0136,0.0251,0.0039,-0.0007,-0.0051,-0.0009,0.0033]
HID seg1s16 pos=47 sha=c5a0f60502278502 first8=[-0.0163,-0.0103,0.0873,0.0089,0.0081,-0.0192,-0.0054,0.0014]
HID seg2s16 pos=47 sha=2feced9f1992cccf first8=[0.0058,0.1389,-0.0909,-0.0633,0.1995,-0.1420,-0.0483,0.0991]
HID seg0s16 pos=63 sha=c1ef305b0f72ccc5 first8=[0.0045,0.0045,0.0336,0.0041,-0.0052,-0.0040,0.0032,-0.0045]
HID seg1s16 pos=63 sha=33a242301d254750 first8=[0.0144,0.0074,0.0861,-0.0014,0.0074,0.0222,-0.0065,-0.0151]
HID seg2s16 pos=63 sha=7ed31d058c77ffd3 first8=[-0.0200,-0.0817,0.0842,0.1179,-0.0425,-0.0258,0.0211,-0.1426]
HID seg0s16 pos=79 sha=e0b1fd9f72bfb81a first8=[0.0009,-0.0027,0.0377,-0.0045,-0.0055,0.0065,-0.0037,-0.0106]
HID seg1s16 pos=79 sha=e67cebd05f55b2c4 first8=[-0.0085,-0.0255,0.1141,-0.0018,0.0006,0.0186,0.0155,-0.0126]
HID seg2s16 pos=79 sha=1713eff7eb02476c first8=[0.0392,-0.0733,-0.0355,-0.1068,-0.0548,0.0118,0.0765,0.1212]
HID seg0s16 pos=95 sha=e3929458f8753534 first8=[0.0024,-0.0065,0.0294,-0.0056,0.0004,-0.0122,-0.0012,0.0029]
HID seg1s16 pos=95 sha=e2099a92bebf339f first8=[-0.0015,-0.0192,0.0989,-0.0108,0.0069,-0.0093,0.0114,0.0035]
HID seg2s16 pos=95 sha=5230e0c1b90aa571 first8=[0.0050,0.1459,0.0234,0.0515,-0.0507,0.1086,0.0958,-0.1954]
HID seg0s16 pos=111 sha=8828e456dac6b497 first8=[0.0053,-0.0045,0.0339,-0.0043,-0.0032,-0.0011,0.0049,-0.0005]
HID seg1s16 pos=111 sha=f401d70e3ade54f3 first8=[-0.0019,0.0034,0.0991,-0.0011,0.0080,0.0144,0.0023,0.0062]
HID seg2s16 pos=111 sha=ef66bf649b5b85ef first8=[0.0474,0.1111,0.0024,-0.0595,-0.2729,0.0811,0.1059,-0.2542]
HID seg0s16 pos=127 sha=6a2b3269660f85f3 first8=[-0.0037,-0.0001,0.0341,0.0029,-0.0042,-0.0063,-0.0063,-0.0044]
HID seg1s16 pos=127 sha=2bf648ff6a32def0 first8=[0.0158,0.0076,0.0745,0.0061,-0.0007,0.0028,0.0148,-0.0121]
HID seg2s16 pos=127 sha=8b752b3913678339 first8=[-0.0684,0.0725,0.1874,0.1282,-0.1210,0.1165,-0.1779,-0.3674]
HID seg0s16 pos=143 sha=e5617ad91ef5a993 first8=[0.0015,-0.0051,0.0251,-0.0033,-0.0008,-0.0043,0.0022,0.0009]
HID seg1s16 pos=143 sha=cc32fb33db2dbed5 first8=[-0.0079,0.0038,0.0814,0.0004,0.0023,0.0116,0.0096,-0.0069]
HID seg2s16 pos=143 sha=51f15509aac0b750 first8=[0.0269,0.0427,0.0039,-0.1256,-0.2361,0.0395,0.0730,-0.2708]
HID seg0s16 pos=159 sha=a77202385397e35a first8=[-0.0056,-0.0032,0.0235,-0.0034,-0.0024,-0.0064,-0.0026,0.0011]
HID seg1s16 pos=159 sha=7c5a3009006f9b54 first8=[0.0027,0.0073,0.0790,0.0026,-0.0010,-0.0118,0.0067,-0.0152]
HID seg2s16 pos=159 sha=c997667de83168b8 first8=[0.1814,-0.1153,0.1023,0.1033,-0.2173,-0.0468,-0.0598,-0.1604]
HID seg0s16 pos=175 sha=0d654a9c12577de6 first8=[-0.0038,-0.0016,0.0308,-0.0032,0.0001,-0.0036,-0.0042,0.0050]
HID seg1s16 pos=175 sha=3a471ba2a397db3d first8=[-0.0047,-0.0105,0.0738,-0.0017,0.0059,-0.0127,-0.0061,0.0273]
HID seg2s16 pos=175 sha=e0f64fdc24d0f1d9 first8=[0.0488,0.1957,0.2803,0.3247,-0.2952,0.1692,0.1063,-0.2075]
HID seg0s16 pos=191 sha=1f274c307872628a first8=[0.0012,0.0039,0.0381,-0.0027,-0.0014,0.0004,-0.0039,0.0000]
HID seg1s16 pos=191 sha=7bdb41a5fe4cd2a2 first8=[-0.0037,-0.0221,0.0825,0.0242,0.0164,-0.0147,0.0015,-0.0028]
HID seg2s16 pos=191 sha=f8452d4c2c11e570 first8=[-0.0150,-0.0752,0.2179,0.0343,0.0510,-0.0825,0.0135,-0.3455]
HID seg0s16 pos=207 sha=cd0e23461b379a6f first8=[0.0026,-0.0013,0.0316,0.0055,-0.0020,0.0108,0.0080,-0.0005]
HID seg1s16 pos=207 sha=81c938be7c4ae3f6 first8=[-0.0031,-0.0130,0.0580,0.0052,-0.0006,0.0367,-0.0138,0.0103]
HID seg2s16 pos=207 sha=659bc757da7cd2ac first8=[-0.1837,0.1321,0.1127,-0.0114,0.1924,0.3428,-0.0165,-0.3552]
HID seg0s16 pos=223 sha=c3a852449d3b1428 first8=[-0.0039,0.0011,0.0322,-0.0036,-0.0010,0.0097,0.0044,-0.0145]
HID seg1s16 pos=223 sha=a5abfb79d94f820d first8=[-0.0044,-0.0185,0.0879,-0.0067,0.0024,0.0070,-0.0020,-0.0068]
HID seg2s16 pos=223 sha=26a561d5f5070fc3 first8=[0.0679,-0.1090,0.0348,0.1873,0.0939,0.0233,-0.0525,0.0034]
HID seg0s16 pos=239 sha=2e77c6578e73e426 first8=[-0.0084,-0.0013,0.0321,-0.0042,-0.0066,0.0079,-0.0022,0.0037]
HID seg1s16 pos=239 sha=b7363e244aeedc81 first8=[0.0036,-0.0046,0.0930,0.0023,-0.0066,0.0334,0.0008,0.0096]
HID seg2s16 pos=239 sha=84c1c03b1dacc94c first8=[0.1528,-0.0515,0.0194,0.0538,0.1168,0.2922,-0.0085,0.2355]
HID seg0s16 pos=255 sha=bfa3e9d0be46dba0 first8=[-0.0067,-0.0028,0.0262,-0.0021,-0.0130,0.0152,0.0024,-0.0029]
HID seg1s16 pos=255 sha=03f9d33d64a78035 first8=[-0.0140,-0.0107,0.0848,0.0090,-0.0096,0.0346,-0.0063,-0.0103]
HID seg2s16 pos=255 sha=e397eb168a53502f first8=[-0.0980,0.1945,0.1161,0.3079,-0.0103,0.1288,0.0406,0.0336]
HID seg0s16 pos=271 sha=6bea888b55fbbf2f first8=[0.0039,-0.0027,0.0238,0.0038,-0.0025,0.0015,0.0014,0.0023]
HID seg1s16 pos=271 sha=238189ede221857c first8=[0.0063,0.0069,0.0585,0.0199,-0.0043,0.0043,-0.0015,-0.0181]
HID seg2s16 pos=271 sha=b394cdd93d2dab4d first8=[-0.2202,0.0886,0.1970,0.1276,0.2856,0.1635,-0.0066,-0.3076]
HID seg0s16 pos=287 sha=7a548e5374be54fd first8=[-0.0011,-0.0042,0.0269,-0.0066,-0.0008,-0.0014,-0.0042,0.0085]
HID seg1s16 pos=287 sha=1452c06f7bc5cbb6 first8=[0.0227,-0.0010,0.0616,0.0065,-0.0062,0.0178,-0.0131,-0.0023]
HID seg2s16 pos=287 sha=7989a7d593e845fb first8=[-0.0302,-0.0001,-0.0223,-0.0437,-0.0210,-0.1104,0.0984,0.0741]
HID seg0s16 pos=303 sha=9f24071658d91a23 first8=[-0.0051,0.0022,0.0318,0.0031,0.0049,0.0033,-0.0012,0.0025]
HID seg1s16 pos=303 sha=a3bad712b24228c5 first8=[0.0020,0.0076,0.0645,-0.0191,-0.0017,0.0106,0.0026,-0.0006]
HID seg2s16 pos=303 sha=74b760a979c28817 first8=[0.0118,0.2119,0.2069,0.1443,-0.0596,-0.0742,0.2009,-0.1554]
HID seg0s16 pos=319 sha=fb9005641ee444f9 first8=[0.0026,-0.0085,0.0240,-0.0055,-0.0061,0.0139,-0.0018,-0.0054]
HID seg1s16 pos=319 sha=37b9173774c8a54d first8=[-0.0068,0.0032,0.0633,0.0119,0.0042,0.0322,0.0067,-0.0171]
HID seg2s16 pos=319 sha=ff512e58dd64328c first8=[0.1663,0.3091,0.0195,0.1145,0.0721,0.0124,-0.1396,-0.1487]
HID seg0s16 pos=335 sha=0ad972d057dded7b first8=[0.0001,-0.0006,0.0208,-0.0010,-0.0014,0.0081,0.0001,-0.0052]
HID seg1s16 pos=335 sha=ca13e6ebca88d77d first8=[0.0180,-0.0029,0.0450,-0.0046,0.0009,-0.0039,0.0233,-0.0190]
HID seg2s16 pos=335 sha=485e7b2bcc8e63bd first8=[-0.0289,0.0056,0.0959,0.0635,0.0293,0.0829,0.1865,-0.2289]
HID seg0s16 pos=351 sha=98de519afc99b555 first8=[-0.0017,-0.0055,0.0216,0.0033,-0.0054,0.0081,-0.0094,0.0010]
HID seg1s16 pos=351 sha=617f7ac56ad9e3b7 first8=[0.0040,0.0023,0.0613,0.0090,0.0045,0.0052,0.0178,-0.0196]
HID seg2s16 pos=351 sha=1f99202c13a16e07 first8=[0.1514,0.0209,0.0475,0.0129,0.1379,0.0405,0.0474,-0.2876]
PROBE_JSON {"offset":6,"abs":{"2752":0.00066266136711676466,"4547":0.16470134808193346,"17550":0.0056357702147584888,"11683":0.00075089370305551017,"18171":9.6968782926624367e-05,"2243":0.00024569147968465748,"12447":0.81068844779533178,"794":1.879825603068433e-05},"probs":{"2752":0.00067425821760500211,"17550":0.0057343985456222374,"12447":0.82487583397498687,"4547":0.16758369041196519,"11683":0.0007640346562467037,"794":1.9127233356729416e-05,"2243":0.00024999118311920938,"18171":9.8665777098050491e-05}}
PROBE_JSON {"offset":9,"probs":{"2752":0.15900983112559383,"17550":0.65907743493030191,"12447":0.12383698099666432,"4547":0.033855146672018305,"11683":0.0017942570405778029,"794":0.0027359152715699677,"2243":0.00040035286081157299,"18171":0.0192900811024623},"abs":{"2752":0.041210406127428462,"4547":0.0087742017835082606,"17550":0.17081238669732671,"11683":0.00046501565856519938,"18171":0.0049993894769664394,"2243":0.00010375901836718052,"12447":0.032094696562731909,"794":0.00070906420485773627}}
PROBE_JSON {"offset":12,"abs":{"2752":0.00096359995064453508,"4547":0.00012838726698061247,"17550":0.003259816614380118,"11683":9.1561539816886873e-06,"18171":3.50991256365115e-05,"2243":4.7501501093747376e-06,"12447":0.00028042357263745495,"794":7.590718261363334e-06},"probs":{"2752":0.20550996211058165,"17550":0.69523124037169326,"12447":0.059806808571430212,"4547":0.027381552225089284,"11683":0.0019527614718087831,"794":0.0016188961209902964,"2243":0.0010130793057266268,"18171":0.0074856998226797604}}
PROBE_JSON {"offset":15,"probs":{"2752":0.24268488547211131,"17550":0.71329054521507818,"12447":0.030853920786023982,"4547":0.009558098773354529,"11683":8.5318738944256532e-05,"794":0.00073704143604042579,"2243":5.1748431017709865e-05,"18171":0.0027384411474295715},"abs":{"2752":0.047509410612304216,"4547":0.0018711492411769726,"17550":0.13963792319646465,"11683":1.6702494650794748e-05,"18171":0.00053609323323850736,"2243":1.0130575099393268e-05,"12447":0.0060401437393643263,"794":0.000144287536304567}}
SCORE_END {"ms":390026.90862499998,"row":5,"rss_bytes":1378764672}
SCORE_BEGIN {"candidateId":"cand-axis-sn-neg-01","candidateViewDigest":"sha256:8ace08ae3008099b7d0d92b177571be6fb31d07d652eb205a8a9754845a606e2","probes":[{"axis":"evidence_sufficient","offset":342},{"offset":345,"axis":"still_needed"},{"offset":348,"axis":"full_content_needed"},{"offset":351,"axis":"unresolved_evidence"}],"requestId":"sdr-axis-sn-neg-01","row":6,"promptDigest":"sha256:23d7bf566bb5cf275a26778f9d8161170e6bfc8b321b8bac1c89fadccf8619f6","axis":"","promptTokens":352}
HID seg0s16 pos=15 sha=d90046c44be67250 first8=[0.0110,-0.0066,0.0384,0.0014,-0.0040,-0.0121,-0.0018,-0.0042]
HID seg1s16 pos=15 sha=1663f3fdccc1466f first8=[0.0090,-0.0003,0.1375,-0.0156,0.0107,-0.0050,-0.0111,0.0126]
HID seg2s16 pos=15 sha=d31df2327f493a85 first8=[-0.0366,-0.0527,0.1782,-0.0646,-0.2118,0.0480,0.0560,-0.2014]
HID seg0s16 pos=31 sha=e8ee5498eea5d3ab first8=[0.0067,-0.0082,0.0424,0.0112,-0.0007,0.0025,-0.0033,-0.0006]
HID seg1s16 pos=31 sha=3d33222e274d64b4 first8=[-0.0040,-0.0307,0.1244,0.0183,-0.0093,0.0105,-0.0140,-0.0020]
HID seg2s16 pos=31 sha=f1bda0b216d49602 first8=[-0.1659,0.1392,0.0464,0.0714,0.0749,0.0099,0.0460,-0.2338]
HID seg0s16 pos=47 sha=25d889ad7ac8cba4 first8=[0.0017,-0.0070,0.0355,-0.0081,-0.0075,0.0019,-0.0044,-0.0052]
HID seg1s16 pos=47 sha=6d537cd6b9a4dff5 first8=[-0.0047,-0.0023,0.0962,0.0028,-0.0003,0.0110,-0.0039,0.0024]
HID seg2s16 pos=47 sha=e7de341905376d8f first8=[0.0261,0.0422,0.1110,0.1383,0.0220,0.2329,-0.1201,-0.2866]
HID seg0s16 pos=63 sha=101b5c1eb05581b7 first8=[0.0052,-0.0084,0.0403,0.0040,-0.0077,-0.0108,-0.0029,0.0062]
HID seg1s16 pos=63 sha=b894526f94b1d073 first8=[0.0077,-0.0147,0.0970,0.0039,-0.0019,0.0057,-0.0021,0.0195]
HID seg2s16 pos=63 sha=a0322cf4601a1070 first8=[0.1471,0.0091,0.0096,0.1021,-0.1162,0.1671,0.0489,-0.0746]
HID seg0s16 pos=79 sha=24a4ccfe0fc52fad first8=[0.0026,-0.0120,0.0343,0.0072,-0.0024,0.0107,-0.0048,-0.0114]
HID seg1s16 pos=79 sha=29544e6714f98eb8 first8=[0.0045,-0.0087,0.1068,-0.0043,-0.0060,0.0399,-0.0027,-0.0145]
HID seg2s16 pos=79 sha=b4b739acdbc1d14b first8=[0.1104,0.0923,0.0801,0.0331,-0.2014,0.1710,0.0051,-0.1917]
HID seg0s16 pos=95 sha=2e9f9ef2ab47c36a first8=[-0.0001,-0.0053,0.0451,0.0052,-0.0066,0.0122,0.0034,0.0054]
HID seg1s16 pos=95 sha=e012b96ba238160c first8=[0.0014,-0.0091,0.1145,-0.0072,0.0061,0.0217,0.0191,0.0029]
HID seg2s16 pos=95 sha=b3edd1545f13cbbd first8=[0.1256,-0.0042,0.0851,0.1355,-0.0506,0.1548,0.1378,-0.2847]
HID seg0s16 pos=111 sha=d608655cc968ba24 first8=[0.0047,-0.0060,0.0332,-0.0051,-0.0012,-0.0039,0.0027,-0.0002]
HID seg1s16 pos=111 sha=0ffb82e5c024ff36 first8=[-0.0063,0.0014,0.1018,0.0020,0.0001,0.0028,0.0097,-0.0108]
HID seg2s16 pos=111 sha=3c61ebce2d2b5b26 first8=[0.0690,0.0118,-0.0255,-0.1368,-0.1547,0.0778,0.0891,-0.2715]
HID seg0s16 pos=127 sha=c96906e9eb68bcc9 first8=[-0.0057,-0.0003,0.0334,0.0037,-0.0023,-0.0046,-0.0048,-0.0049]
HID seg1s16 pos=127 sha=67821d85d583af5a first8=[0.0180,0.0033,0.0620,-0.0030,-0.0064,0.0044,0.0063,-0.0077]
HID seg2s16 pos=127 sha=e48bd6967df3cedf first8=[0.0175,0.0457,0.2032,0.0986,-0.0894,0.0450,-0.0892,-0.3433]
HID seg0s16 pos=143 sha=6ac9bcec9fcf8440 first8=[0.0019,-0.0024,0.0242,-0.0038,-0.0010,-0.0033,0.0016,0.0026]
HID seg1s16 pos=143 sha=90c56b47213bd978 first8=[-0.0007,-0.0028,0.0957,-0.0001,0.0044,0.0054,0.0065,0.0010]
HID seg2s16 pos=143 sha=e329627304ba9c6f first8=[0.0457,-0.0161,-0.0178,-0.1279,-0.1600,-0.0051,0.0654,-0.2544]
HID seg0s16 pos=159 sha=0ddfc7055d939393 first8=[-0.0042,-0.0022,0.0215,-0.0017,-0.0027,-0.0086,-0.0029,-0.0013]
HID seg1s16 pos=159 sha=57ff1ae89f4ba792 first8=[0.0046,0.0170,0.0853,-0.0019,0.0012,-0.0207,-0.0003,-0.0111]
HID seg2s16 pos=159 sha=f7c6d063b40da0b0 first8=[0.1592,-0.1525,0.1029,0.1182,-0.2383,-0.0862,-0.0687,-0.1183]
HID seg0s16 pos=175 sha=279ea025cea96553 first8=[-0.0009,-0.0029,0.0299,-0.0039,0.0019,-0.0045,-0.0054,0.0021]
HID seg1s16 pos=175 sha=c6b351a36ffa7308 first8=[-0.0110,-0.0108,0.0688,0.0048,0.0090,-0.0150,-0.0059,0.0195]
HID seg2s16 pos=175 sha=0125ce35ee341a75 first8=[0.1163,0.0870,0.2073,0.3191,-0.1942,-0.0038,0.0305,-0.2289]
HID seg0s16 pos=191 sha=aeba747741ec369d first8=[-0.0020,0.0025,0.0378,-0.0018,-0.0018,-0.0028,-0.0027,-0.0044]
HID seg1s16 pos=191 sha=1eae0629218bfc6a first8=[-0.0073,-0.0191,0.0834,0.0235,0.0060,-0.0201,0.0040,-0.0030]
HID seg2s16 pos=191 sha=563e0f3b5b4a456d first8=[-0.0215,-0.1225,0.1736,0.0057,0.0618,-0.1862,0.0297,-0.2939]
HID seg0s16 pos=207 sha=1b9e1a851897c2ef first8=[0.0024,-0.0009,0.0308,0.0061,-0.0020,0.0101,0.0076,0.0006]
HID seg1s16 pos=207 sha=6e151953cbf78695 first8=[-0.0057,-0.0076,0.0649,0.0011,0.0047,0.0268,-0.0137,0.0119]
HID seg2s16 pos=207 sha=0d5784a307fbe34c first8=[-0.1270,0.0241,0.1020,-0.0411,0.1150,0.2595,-0.0038,-0.3843]
HID seg0s16 pos=223 sha=bdd6932b3f97f805 first8=[-0.0042,0.0031,0.0320,-0.0033,-0.0018,0.0109,0.0035,-0.0145]
HID seg1s16 pos=223 sha=bb746480288ef760 first8=[-0.0119,-0.0135,0.0826,-0.0063,0.0077,0.0103,-0.0058,-0.0027]
HID seg2s16 pos=223 sha=aba9bd16f39ea9c1 first8=[0.1085,-0.1111,-0.0575,0.1339,-0.0150,-0.0054,-0.1024,-0.0045]
HID seg0s16 pos=239 sha=39a58e3dbd6ed141 first8=[-0.0074,-0.0011,0.0335,-0.0045,-0.0053,0.0050,-0.0002,0.0054]
HID seg1s16 pos=239 sha=4666082c056667ac first8=[0.0026,-0.0094,0.0931,0.0014,-0.0084,0.0227,-0.0016,0.0123]
HID seg2s16 pos=239 sha=a3cb584511191a8d first8=[0.1445,-0.0941,-0.0109,0.0430,0.0875,0.2673,-0.0300,0.2035]
HID seg0s16 pos=255 sha=53da672c0580f3aa first8=[-0.0072,-0.0024,0.0273,-0.0023,-0.0107,0.0125,0.0026,-0.0054]
HID seg1s16 pos=255 sha=0d5f91bfd526cd04 first8=[-0.0121,-0.0082,0.0753,0.0055,-0.0016,0.0309,-0.0080,-0.0090]
HID seg2s16 pos=255 sha=575134660299ef1c first8=[-0.1588,0.1831,0.1493,0.2966,0.0258,0.0610,0.0139,0.0096]
HID seg0s16 pos=271 sha=53fe1b84be489358 first8=[0.0026,-0.0027,0.0233,0.0045,-0.0024,0.0011,-0.0001,0.0023]
HID seg1s16 pos=271 sha=b8d9ae5899844a3f first8=[0.0033,0.0112,0.0595,0.0249,0.0010,-0.0067,0.0017,-0.0194]
HID seg2s16 pos=271 sha=a893ea994923f58b first8=[-0.1710,0.0269,0.1384,0.0656,0.2126,0.0662,-0.0353,-0.2986]
HID seg0s16 pos=287 sha=b8d48da7a6439964 first8=[-0.0019,-0.0050,0.0264,-0.0088,-0.0009,-0.0011,-0.0058,0.0056]
HID seg1s16 pos=287 sha=89f734fa0dcd4844 first8=[0.0219,-0.0038,0.0571,0.0037,-0.0146,0.0144,-0.0113,0.0019]
HID seg2s16 pos=287 sha=be73a25787ab9fd3 first8=[-0.0094,0.0356,-0.0428,-0.0576,-0.0424,-0.1063,0.0995,0.0883]
HID seg0s16 pos=303 sha=57f9e6cb68f4e643 first8=[-0.0076,0.0044,0.0334,0.0026,0.0064,-0.0001,-0.0014,0.0038]
HID seg1s16 pos=303 sha=51aa8c8412ee361b first8=[-0.0002,0.0056,0.0660,-0.0238,-0.0021,0.0043,0.0031,0.0050]
HID seg2s16 pos=303 sha=e84bf72890ca335b first8=[0.0658,0.2097,0.1681,0.1543,-0.0826,-0.1155,0.1655,-0.1523]
HID seg0s16 pos=319 sha=dfd397b0fc9cd135 first8=[0.0017,-0.0080,0.0249,-0.0071,-0.0048,0.0144,-0.0023,-0.0034]
HID seg1s16 pos=319 sha=03f816af31ed1c41 first8=[-0.0066,0.0041,0.0600,0.0083,-0.0054,0.0280,0.0069,-0.0167]
HID seg2s16 pos=319 sha=c512496c9f55077c first8=[0.2433,0.2637,0.0201,0.1699,0.0598,-0.0349,-0.1603,-0.2605]
HID seg0s16 pos=335 sha=9edbb3212544846b first8=[0.0004,-0.0011,0.0201,0.0004,-0.0029,0.0039,-0.0001,-0.0058]
HID seg1s16 pos=335 sha=7ea78b6594a38861 first8=[0.0163,-0.0072,0.0468,-0.0100,-0.0014,-0.0007,0.0236,-0.0135]
HID seg2s16 pos=335 sha=82666dcc3edd0bef first8=[-0.0486,0.0090,0.0850,0.0256,-0.0215,-0.0070,0.1718,-0.2534]
HID seg0s16 pos=351 sha=0c7e1fa03c77f419 first8=[-0.0026,-0.0038,0.0203,0.0021,-0.0060,0.0058,-0.0067,-0.0004]
HID seg1s16 pos=351 sha=3ecd447cac1a3833 first8=[-0.0080,0.0049,0.0619,0.0045,0.0088,0.0018,0.0158,-0.0170]
HID seg2s16 pos=351 sha=80f0e768cfb130cd first8=[0.1416,-0.0295,0.0085,-0.0616,0.1087,0.0197,0.0533,-0.3428]
PROBE_JSON {"offset":6,"abs":{"2752":0.00053077986485128184,"4547":0.22794220025627468,"17550":0.0035156241925428698,"11683":0.00062054453085299015,"18171":5.2554323509816502e-05,"2243":0.00032193426159043037,"12447":0.75916343922981322,"794":1.1454811592512544e-05},"probs":{"2752":0.00053497485332744052,"17550":0.0035434097284134784,"12447":0.76516344429779437,"4547":0.22974372847282307,"11683":0.00062544896926193581,"794":1.1545344044493599e-05,"2243":0.0003244786507183618,"18171":5.2969683616887952e-05}}
PROBE_JSON {"offset":9,"probs":{"2752":0.13466029520218181,"17550":0.67325911830859675,"12447":0.13678088628922283,"4547":0.032999924557208377,"11683":0.0029289098100772166,"794":0.0023169583635792527,"2243":0.00071776021745903354,"18171":0.016336147251674538},"abs":{"2752":0.034368354950276486,"4547":0.0084223275970963952,"17550":0.17183096410711821,"11683":0.00074752407024613243,"18171":0.0041693544962348892,"2243":0.00018318865175352759,"12447":0.034909577788637215,"794":0.00059134021149252118}}
PROBE_JSON {"offset":12,"abs":{"2752":0.0006299483053687011,"4547":0.00017221828328180272,"17550":0.0012725305564307706,"11683":1.3489178360304877e-05,"18171":4.0271247833010964e-05,"2243":1.1009546510896529e-05,"12447":0.00022815215686618242,"794":1.7320447864865738e-05},"probs":{"2752":0.26413594415878727,"17550":0.53356927406451382,"12447":0.095663699468865965,"4547":0.072210748831874796,"11683":0.005655982930281943,"794":0.007262425838834026,"2243":0.0046162787289565129,"18171":0.016885645977885614}}
PROBE_JSON {"offset":15,"probs":{"2752":0.11468878308843927,"17550":0.83430348401937293,"12447":0.039635382859671116,"4547":0.0052809036340025328,"11683":0.00012615073542806966,"794":0.00056536837218308861,"2243":3.5861525397915327e-05,"18171":0.0053640657655051743},"abs":{"2752":0.019143597061042721,"4547":0.00088147671084436868,"17550":0.13926008537709314,"11683":2.1056800699741698e-05,"18171":0.00089535794921269613,"2243":5.9859262059014944e-06,"12447":0.0066158501153561113,"794":9.4370033552319281e-05}}
SCORE_END {"ms":384106.27191700001,"row":6,"rss_bytes":1601898512}
SCORE_BEGIN {"candidateId":"cand-axis-sn-neg-02","candidateViewDigest":"sha256:56d87b7ca57f8442d6a2df55fd8d8f8427d27fad3b2f8135a8bde8c8498866b1","probes":[{"axis":"evidence_sufficient","offset":342},{"offset":345,"axis":"still_needed"},{"offset":348,"axis":"full_content_needed"},{"offset":351,"axis":"unresolved_evidence"}],"requestId":"sdr-axis-sn-neg-02","row":7,"promptDigest":"sha256:ff12ef7ed8e684802b11cd5a0fe332d7dee22be4d763a50b053a3192a63e98b4","axis":"","promptTokens":352}
HID seg0s16 pos=15 sha=d90046c44be67250 first8=[0.0110,-0.0066,0.0384,0.0014,-0.0040,-0.0121,-0.0018,-0.0042]
HID seg1s16 pos=15 sha=1663f3fdccc1466f first8=[0.0090,-0.0003,0.1375,-0.0156,0.0107,-0.0050,-0.0111,0.0126]
HID seg2s16 pos=15 sha=d31df2327f493a85 first8=[-0.0366,-0.0527,0.1782,-0.0646,-0.2118,0.0480,0.0560,-0.2014]
HID seg0s16 pos=31 sha=e8ee5498eea5d3ab first8=[0.0067,-0.0082,0.0424,0.0112,-0.0007,0.0025,-0.0033,-0.0006]
HID seg1s16 pos=31 sha=3d33222e274d64b4 first8=[-0.0040,-0.0307,0.1244,0.0183,-0.0093,0.0105,-0.0140,-0.0020]
HID seg2s16 pos=31 sha=f1bda0b216d49602 first8=[-0.1659,0.1392,0.0464,0.0714,0.0749,0.0099,0.0460,-0.2338]
HID seg0s16 pos=47 sha=25d889ad7ac8cba4 first8=[0.0017,-0.0070,0.0355,-0.0081,-0.0075,0.0019,-0.0044,-0.0052]
HID seg1s16 pos=47 sha=6d537cd6b9a4dff5 first8=[-0.0047,-0.0023,0.0962,0.0028,-0.0003,0.0110,-0.0039,0.0024]
HID seg2s16 pos=47 sha=e7de341905376d8f first8=[0.0261,0.0422,0.1110,0.1383,0.0220,0.2329,-0.1201,-0.2866]
HID seg0s16 pos=63 sha=720580347455913f first8=[0.0042,-0.0087,0.0405,0.0044,-0.0087,-0.0089,-0.0025,0.0073]
HID seg1s16 pos=63 sha=a31db1171ffe8005 first8=[0.0041,-0.0141,0.1014,0.0007,0.0135,0.0147,0.0026,0.0305]
HID seg2s16 pos=63 sha=d309658f9331cd12 first8=[0.1204,0.0628,0.0855,0.1051,-0.1049,0.1454,0.0500,-0.0343]
HID seg0s16 pos=79 sha=abf16a862560400a first8=[0.0017,-0.0130,0.0349,0.0063,-0.0024,0.0070,-0.0060,-0.0108]
HID seg1s16 pos=79 sha=86dd40c09cc9cc67 first8=[0.0106,-0.0070,0.1158,-0.0074,-0.0036,0.0268,-0.0036,-0.0187]
HID seg2s16 pos=79 sha=b07347f29b8c2dae first8=[0.0714,0.1122,0.0857,-0.0081,-0.1180,0.2062,0.0275,-0.1971]
HID seg0s16 pos=95 sha=54f664f19b5b3821 first8=[-0.0013,-0.0048,0.0450,0.0052,-0.0058,0.0136,0.0036,0.0052]
HID seg1s16 pos=95 sha=6830009ac99c8dcc first8=[0.0013,-0.0109,0.1110,-0.0061,0.0063,0.0252,0.0192,0.0054]
HID seg2s16 pos=95 sha=0e800275ee5aabdd first8=[0.0746,0.0760,0.1084,0.0847,0.0038,0.2159,0.1715,-0.2900]
HID seg0s16 pos=111 sha=30f25d7d60fd877b first8=[0.0025,-0.0063,0.0329,-0.0043,-0.0016,-0.0043,0.0026,0.0007]
HID seg1s16 pos=111 sha=72533acffba92f35 first8=[-0.0005,-0.0011,0.0971,0.0006,-0.0001,0.0061,0.0106,-0.0148]
HID seg2s16 pos=111 sha=c6b71d214ea53898 first8=[0.0501,0.0287,-0.0134,-0.1340,-0.1743,0.0841,0.1070,-0.2654]
HID seg0s16 pos=127 sha=6b431f7d337b4273 first8=[-0.0036,0.0016,0.0330,0.0017,-0.0023,-0.0055,-0.0049,-0.0044]
HID seg1s16 pos=127 sha=a80533e9a386a5b4 first8=[0.0239,0.0034,0.0602,-0.0039,-0.0056,0.0019,0.0055,-0.0157]
HID seg2s16 pos=127 sha=3ef28f740dcc94d2 first8=[-0.0227,0.0542,0.2290,0.1026,-0.1089,0.0463,-0.0886,-0.3843]
HID seg0s16 pos=143 sha=c526ca359386fd05 first8=[0.0022,-0.0032,0.0234,-0.0036,-0.0009,-0.0039,0.0009,0.0014]
HID seg1s16 pos=143 sha=95f8b266fe2f4aee first8=[-0.0022,-0.0038,0.0863,-0.0025,0.0014,0.0036,0.0120,0.0003]
HID seg2s16 pos=143 sha=9ee5fb4f216345ee first8=[0.0240,-0.0336,-0.0240,-0.1158,-0.1819,0.0207,0.0538,-0.2600]
HID seg0s16 pos=159 sha=bcb5c98bb626ac1c first8=[-0.0054,-0.0020,0.0223,-0.0035,-0.0024,-0.0096,-0.0016,0.0013]
HID seg1s16 pos=159 sha=b785ffe2eb542419 first8=[0.0063,0.0080,0.0847,0.0096,0.0011,-0.0222,0.0001,-0.0200]
HID seg2s16 pos=159 sha=98863bdbd5d45e57 first8=[0.1552,-0.1349,0.1107,0.1119,-0.2003,-0.0906,-0.0337,-0.1987]
HID seg0s16 pos=175 sha=83e941e4f8eb4f8a first8=[-0.0033,-0.0020,0.0290,-0.0042,0.0010,-0.0030,-0.0072,0.0034]
HID seg1s16 pos=175 sha=5c681b18d11def2a first8=[-0.0080,-0.0169,0.0748,0.0049,0.0085,-0.0118,-0.0059,0.0247]
HID seg2s16 pos=175 sha=88b9b39764f9fde2 first8=[0.0792,0.0723,0.2542,0.3330,-0.1843,0.0509,0.0981,-0.2076]
HID seg0s16 pos=191 sha=715295a6268e5e90 first8=[-0.0001,0.0021,0.0379,-0.0008,-0.0030,-0.0020,-0.0025,0.0011]
HID seg1s16 pos=191 sha=88204d30b00794d2 first8=[-0.0103,-0.0229,0.0814,0.0228,0.0160,-0.0261,0.0000,-0.0017]
HID seg2s16 pos=191 sha=1ed189dca68e236c first8=[-0.0133,-0.1292,0.1907,0.0189,0.0529,-0.0996,-0.0218,-0.3047]
HID seg0s16 pos=207 sha=d67361df15b197b1 first8=[0.0022,-0.0013,0.0306,0.0049,-0.0022,0.0112,0.0075,-0.0004]
HID seg1s16 pos=207 sha=a79b60d27263ab56 first8=[-0.0056,-0.0092,0.0528,0.0041,-0.0016,0.0320,-0.0141,0.0045]
HID seg2s16 pos=207 sha=dd4b2ebb8475e844 first8=[-0.2020,0.0787,0.0910,-0.0450,0.1562,0.3545,-0.0170,-0.3560]
HID seg0s16 pos=223 sha=dcb02ae2ebea6360 first8=[-0.0045,0.0021,0.0336,-0.0035,-0.0020,0.0083,0.0042,-0.0143]
HID seg1s16 pos=223 sha=d3be81cd03ca2e4e first8=[-0.0016,-0.0174,0.0853,-0.0105,0.0052,0.0050,-0.0028,-0.0029]
HID seg2s16 pos=223 sha=409a8e568812df74 first8=[0.0819,-0.1307,-0.0054,0.1278,0.0911,0.0533,-0.0298,-0.0244]
HID seg0s16 pos=239 sha=1527f6fcc72191a6 first8=[-0.0079,-0.0019,0.0344,-0.0035,-0.0079,0.0080,-0.0013,0.0072]
HID seg1s16 pos=239 sha=419fd60a5afd0688 first8=[0.0041,-0.0098,0.0947,-0.0010,-0.0069,0.0275,0.0001,0.0097]
HID seg2s16 pos=239 sha=ea188f5ee6d94c05 first8=[0.1121,-0.0594,0.0089,0.0179,0.1120,0.3105,-0.0106,0.1932]
HID seg0s16 pos=255 sha=f28e38cf6559a941 first8=[-0.0060,-0.0036,0.0271,-0.0034,-0.0110,0.0143,0.0011,-0.0032]
HID seg1s16 pos=255 sha=c50ec4f8505b7752 first8=[-0.0142,-0.0106,0.0831,0.0041,-0.0105,0.0360,-0.0040,-0.0068]
HID seg2s16 pos=255 sha=82beb0b4108bef55 first8=[-0.1183,0.2122,0.1030,0.3208,-0.0090,0.1416,0.0338,0.0452]
HID seg0s16 pos=271 sha=591695e4c51a2faf first8=[0.0044,-0.0032,0.0244,0.0031,-0.0038,0.0004,0.0018,0.0019]
HID seg1s16 pos=271 sha=a7346fcbc668ea8f first8=[0.0014,0.0092,0.0583,0.0189,-0.0044,-0.0008,-0.0002,-0.0216]
HID seg2s16 pos=271 sha=5eebcc7453895467 first8=[-0.2020,0.0481,0.1602,0.0892,0.2786,0.1316,-0.0278,-0.2913]
HID seg0s16 pos=287 sha=e372dc5da8c088eb first8=[-0.0000,-0.0051,0.0274,-0.0073,-0.0011,-0.0041,-0.0053,0.0069]
HID seg1s16 pos=287 sha=abacaef7ad31e023 first8=[0.0189,-0.0006,0.0617,0.0035,-0.0135,0.0066,-0.0115,-0.0027]
HID seg2s16 pos=287 sha=3edf66ced0812c71 first8=[-0.0559,0.0034,-0.0793,-0.0671,0.0800,-0.0643,0.1492,0.0740]
HID seg0s16 pos=303 sha=afd5d88cca8ee52a first8=[-0.0079,0.0028,0.0313,0.0034,0.0072,0.0026,-0.0023,0.0047]
HID seg1s16 pos=303 sha=7b165bc215a9d654 first8=[0.0025,0.0035,0.0635,-0.0187,0.0007,0.0052,0.0032,0.0018]
HID seg2s16 pos=303 sha=d4d0d3e9f1419777 first8=[0.0057,0.2241,0.1693,0.1565,-0.0565,-0.0706,0.1526,-0.1313]
HID seg0s16 pos=319 sha=74acb156c2dfb602 first8=[0.0019,-0.0063,0.0249,-0.0062,-0.0056,0.0135,-0.0023,-0.0036]
HID seg1s16 pos=319 sha=26781e6434e47e1e first8=[0.0015,0.0054,0.0692,0.0198,0.0128,0.0215,-0.0058,-0.0094]
HID seg2s16 pos=319 sha=f1b412d41bad2512 first8=[0.1565,0.2690,-0.0101,0.0643,0.0521,0.0010,-0.1998,-0.0716]
HID seg0s16 pos=335 sha=95e4b2a30dace1f9 first8=[0.0004,-0.0017,0.0198,0.0006,-0.0023,0.0057,-0.0005,-0.0053]
HID seg1s16 pos=335 sha=4c6d7e6850d27e07 first8=[0.0209,-0.0038,0.0421,-0.0145,0.0013,0.0005,0.0212,-0.0142]
HID seg2s16 pos=335 sha=150a9130bedcd92a first8=[-0.0648,0.0230,0.1292,0.0145,0.0229,0.0658,0.2007,-0.2130]
HID seg0s16 pos=351 sha=ff79c210602b9c8b first8=[-0.0022,-0.0033,0.0206,0.0061,-0.0055,0.0085,-0.0056,0.0013]
HID seg1s16 pos=351 sha=68cf992661c562e7 first8=[-0.0066,0.0016,0.0663,0.0069,0.0004,0.0043,0.0108,-0.0174]
HID seg2s16 pos=351 sha=2a2620867621b0d9 first8=[0.1157,-0.0259,0.0309,-0.0018,0.1566,-0.0196,0.0386,-0.3513]
PROBE_JSON {"offset":6,"abs":{"2752":0.001957804663325608,"4547":0.22278312748482051,"17550":0.011993007549765176,"11683":0.00042340495213444399,"18171":0.00011131806506238909,"2243":0.0001737650422408839,"12447":0.75366560562069129,"794":2.464512358484336e-05},"probs":{"2752":0.0019753204649506449,"17550":0.012100304843036726,"12447":0.76040839129637827,"4547":0.22477629112342426,"11683":0.00042719300989504174,"794":2.4865614987189578e-05,"2243":0.00017531965801347453,"18171":0.00011231398931440497}}
PROBE_JSON {"offset":9,"probs":{"2752":0.23312939751460143,"17550":0.62388662025661301,"12447":0.088485938603459879,"4547":0.034114368308156943,"11683":0.0016984543872847007,"794":0.0035956279660975818,"2243":0.00064466057149501334,"18171":0.014444932392291309},"abs":{"2752":0.036696372031131338,"4547":0.0053698656814173589,"17550":0.098204584090463759,"11683":0.00026734986980697238,"18171":0.0022737441896355519,"2243":0.00010147456484504953,"12447":0.013928371784656782,"794":0.00056597967882275699}}
PROBE_JSON {"offset":12,"abs":{"2752":0.00065290100597048041,"4547":0.00011705870006774115,"17550":0.0024640226548856307,"11683":1.0389550266665741e-05,"18171":5.1139158707947032e-05,"2243":5.7376545908580164e-06,"12447":0.00029891986246753384,"794":1.3133622155954108e-05},"probs":{"2752":0.18069371676796167,"17550":0.68193096294888456,"12447":0.082727611798883799,"4547":0.032396598261976835,"11683":0.0028753615572102201,"794":0.0036347975884305733,"2243":0.0015879254650739017,"18171":0.014153025611578569}}
PROBE_JSON {"offset":15,"probs":{"2752":0.14376944884186665,"17550":0.8273360550332749,"12447":0.017170812021254433,"4547":0.0031762808452368138,"11683":7.6470400607725925e-05,"794":0.0014886928705078908,"2243":4.4604789707251579e-05,"18171":0.0069376351975443647},"abs":{"2752":0.030864012558176925,"4547":0.00068187485370075382,"17550":0.17761012925955941,"11683":1.6416446078760867e-05,"18171":0.0014893516083279673,"2243":9.5756282073090474e-06,"12447":0.003686180632444381,"794":0.00031958831184754393}}
SCORE_END {"ms":380664.72770799999,"row":7,"rss_bytes":1825261752}
SCORE_BEGIN {"candidateId":"cand-axis-fcn-pos-01","candidateViewDigest":"sha256:6b08ad63d04a67838b071e17477c99f1ba2eaf1ef054db3e7fefdc9300e86a3f","probes":[{"axis":"evidence_sufficient","offset":342},{"offset":345,"axis":"still_needed"},{"offset":348,"axis":"full_content_needed"},{"offset":351,"axis":"unresolved_evidence"}],"requestId":"sdr-axis-fcn-pos-01","row":8,"promptDigest":"sha256:8ce91b7da82a31d1afad9c342bf5e4bde64e0b5600211da1e52387901dbc2121","axis":"","promptTokens":352}
HID seg0s16 pos=15 sha=3378010d1979bb2c first8=[0.0065,-0.0041,0.0453,-0.0000,0.0009,-0.0145,-0.0064,-0.0048]
HID seg1s16 pos=15 sha=33783001c638175e first8=[0.0074,-0.0018,0.1719,-0.0005,0.0045,-0.0159,-0.0085,-0.0296]
HID seg2s16 pos=15 sha=f36dc8af5d7d8a26 first8=[-0.0663,0.0079,0.2064,0.1449,0.1399,-0.0438,0.0773,-0.3635]
HID seg0s16 pos=31 sha=8611e6ccef2211b2 first8=[0.0008,0.0085,0.0349,0.0152,0.0036,-0.0015,-0.0054,-0.0107]
HID seg1s16 pos=31 sha=c843dba8acdfb4e9 first8=[-0.0195,0.0054,0.1002,0.0138,-0.0041,0.0061,0.0123,-0.0248]
HID seg2s16 pos=31 sha=5ad38bc89222e09e first8=[-0.1830,0.1180,0.1005,-0.0369,0.1135,-0.0806,0.1672,-0.2412]
HID seg0s16 pos=47 sha=5469962a0d1ab17a first8=[0.0058,-0.0099,0.0379,-0.0005,-0.0038,0.0078,0.0013,-0.0069]
HID seg1s16 pos=47 sha=dd2145f1816f9221 first8=[-0.0138,-0.0188,0.1226,0.0105,-0.0034,0.0169,0.0079,-0.0204]
HID seg2s16 pos=47 sha=5fcf3430a1444f7a first8=[-0.0396,-0.0811,0.0763,0.0437,0.1495,0.0872,-0.0288,-0.4182]
HID seg0s16 pos=63 sha=eb6a1f69d37808ac first8=[0.0054,-0.0103,0.0395,0.0036,-0.0093,-0.0110,-0.0024,0.0041]
HID seg1s16 pos=63 sha=eeabf1397251ff98 first8=[0.0016,-0.0182,0.0997,-0.0018,-0.0024,0.0194,-0.0067,0.0247]
HID seg2s16 pos=63 sha=6133125c3addcd5a first8=[0.0472,0.0730,0.0500,0.0552,-0.1339,0.2111,0.0848,-0.0483]
HID seg0s16 pos=79 sha=1b1272563bc6ffe3 first8=[0.0021,-0.0127,0.0368,0.0075,-0.0050,0.0104,-0.0070,-0.0069]
HID seg1s16 pos=79 sha=0fdded9050ce42c9 first8=[-0.0030,-0.0087,0.1093,-0.0049,-0.0040,0.0294,-0.0031,-0.0060]
HID seg2s16 pos=79 sha=40dc0fb19965d240 first8=[0.0547,0.0994,0.1271,-0.0217,-0.1805,0.1842,-0.0154,-0.1758]
HID seg0s16 pos=95 sha=32402ebc94ba2671 first8=[-0.0015,-0.0053,0.0450,0.0057,-0.0057,0.0134,0.0036,0.0030]
HID seg1s16 pos=95 sha=440abca2a6dc4371 first8=[0.0013,-0.0109,0.1187,-0.0098,0.0067,0.0299,0.0155,0.0062]
HID seg2s16 pos=95 sha=cf7f9040b36abfa7 first8=[0.1049,0.0736,0.1171,0.0718,-0.0757,0.2439,0.1327,-0.2335]
HID seg0s16 pos=111 sha=e9b567db31b5190d first8=[0.0035,-0.0062,0.0327,-0.0048,-0.0009,-0.0036,0.0027,0.0025]
HID seg1s16 pos=111 sha=ef1935562721ddaf first8=[-0.0056,-0.0005,0.0944,-0.0050,0.0009,0.0116,0.0115,-0.0138]
HID seg2s16 pos=111 sha=33545613b206e176 first8=[0.0744,0.0338,-0.0131,-0.1682,-0.1534,0.0602,0.0995,-0.2612]
HID seg0s16 pos=127 sha=60f26ab1d65f08d5 first8=[-0.0037,-0.0009,0.0317,0.0027,-0.0038,-0.0056,-0.0047,-0.0051]
HID seg1s16 pos=127 sha=9f2ecc96c196d662 first8=[0.0152,0.0038,0.0667,-0.0039,-0.0062,-0.0030,0.0082,-0.0174]
HID seg2s16 pos=127 sha=15c6c39df12df707 first8=[-0.0216,0.0226,0.2396,0.0964,-0.0738,0.0190,-0.0838,-0.3413]
HID seg0s16 pos=143 sha=60b39300b76cc5ac first8=[0.0016,-0.0014,0.0243,-0.0047,-0.0010,-0.0016,0.0016,0.0040]
HID seg1s16 pos=143 sha=d6450af2203fdb16 first8=[-0.0032,-0.0016,0.0922,-0.0015,0.0036,0.0034,0.0126,0.0022]
HID seg2s16 pos=143 sha=05db6a52fac05266 first8=[0.0548,-0.0252,-0.0138,-0.1208,-0.1871,-0.0109,0.0525,-0.2598]
HID seg0s16 pos=159 sha=998ffcb14f65ae85 first8=[-0.0059,-0.0024,0.0213,-0.0034,-0.0027,-0.0067,-0.0032,0.0005]
HID seg1s16 pos=159 sha=998bed291862392e first8=[-0.0004,0.0049,0.0851,0.0087,0.0052,-0.0223,0.0032,-0.0180]
HID seg2s16 pos=159 sha=95d68a55b2f19be6 first8=[0.1425,-0.1342,0.1194,0.0949,-0.1799,-0.0729,-0.0493,-0.1812]
HID seg0s16 pos=175 sha=80afb79ad71e1734 first8=[-0.0031,-0.0011,0.0296,-0.0030,0.0001,-0.0039,-0.0081,0.0031]
HID seg1s16 pos=175 sha=0d3b3ce01a41c12c first8=[-0.0076,-0.0176,0.0709,0.0065,0.0085,-0.0114,-0.0053,0.0193]
HID seg2s16 pos=175 sha=a573f3acb460672b first8=[0.0594,0.0874,0.2207,0.2812,-0.1492,0.0717,0.0699,-0.2385]
HID seg0s16 pos=191 sha=3a2fe4c5bc76c63b first8=[-0.0002,0.0029,0.0403,-0.0034,-0.0027,-0.0041,-0.0029,-0.0029]
HID seg1s16 pos=191 sha=2e91a734d5c5119e first8=[-0.0088,-0.0237,0.0880,0.0245,0.0060,-0.0236,-0.0020,-0.0069]
HID seg2s16 pos=191 sha=e5d4a37e575dc477 first8=[0.0016,-0.1221,0.1632,0.0489,0.0159,-0.1506,0.0073,-0.3362]
HID seg0s16 pos=207 sha=2f2def90b455f684 first8=[0.0023,0.0002,0.0320,0.0048,-0.0028,0.0098,0.0088,0.0020]
HID seg1s16 pos=207 sha=a91d831e1efaa893 first8=[-0.0057,-0.0051,0.0560,0.0040,0.0056,0.0364,-0.0121,0.0107]
HID seg2s16 pos=207 sha=a3251b1800b59379 first8=[-0.2273,0.0816,0.1617,-0.0692,0.1148,0.2737,-0.0388,-0.2852]
HID seg0s16 pos=223 sha=9c1fad865b3b1da8 first8=[-0.0058,0.0013,0.0337,-0.0029,-0.0021,0.0076,0.0063,-0.0145]
HID seg1s16 pos=223 sha=81837a62fcf421f0 first8=[-0.0038,-0.0181,0.0839,-0.0143,0.0080,0.0082,-0.0050,-0.0110]
HID seg2s16 pos=223 sha=6d0f9cb20103759d first8=[0.1285,-0.1290,0.0345,0.1301,0.0031,-0.0013,-0.0765,-0.0715]
HID seg0s16 pos=239 sha=3e856a8fb05e1221 first8=[-0.0082,-0.0013,0.0340,-0.0028,-0.0059,0.0064,-0.0017,0.0065]
HID seg1s16 pos=239 sha=cc92c8d89f398f8a first8=[0.0038,-0.0123,0.0953,-0.0018,-0.0086,0.0293,-0.0027,0.0098]
HID seg2s16 pos=239 sha=041a833c1593343b first8=[0.1924,-0.0379,0.0229,0.0360,0.0860,0.2874,0.0186,0.1301]
HID seg0s16 pos=255 sha=9b9ea6823052b6a0 first8=[-0.0068,-0.0030,0.0271,-0.0016,-0.0121,0.0118,0.0034,-0.0038]
HID seg1s16 pos=255 sha=120c0ef8fbd998e0 first8=[-0.0063,-0.0023,0.0792,0.0088,-0.0083,0.0249,-0.0125,-0.0094]
HID seg2s16 pos=255 sha=da25daa0f60497fe first8=[-0.1425,0.1489,0.1637,0.2905,0.0698,-0.0065,0.0327,0.0156]
HID seg0s16 pos=271 sha=bfa3af0e7e24cbd7 first8=[0.0049,-0.0041,0.0249,0.0041,-0.0035,0.0015,0.0008,0.0045]
HID seg1s16 pos=271 sha=ced979149c8a344b first8=[0.0065,0.0004,0.0554,0.0159,-0.0128,-0.0015,-0.0019,-0.0183]
HID seg2s16 pos=271 sha=b70fccab4ce36466 first8=[-0.1661,0.0418,0.1847,0.1125,0.2455,0.1063,-0.0244,-0.3062]
HID seg0s16 pos=287 sha=0b5d405735a4ee8f first8=[0.0009,-0.0044,0.0287,-0.0067,-0.0003,-0.0022,-0.0064,0.0068]
HID seg1s16 pos=287 sha=2fd76d258fd3793d first8=[0.0241,-0.0072,0.0680,0.0059,-0.0126,0.0142,-0.0073,-0.0045]
HID seg2s16 pos=287 sha=4cbf029812a9565c first8=[-0.0604,0.0321,-0.0320,-0.0642,-0.0059,-0.0763,0.1178,0.0724]
HID seg0s16 pos=303 sha=0ea34b9280df8ae5 first8=[-0.0053,0.0026,0.0315,0.0038,0.0059,0.0026,-0.0013,0.0030]
HID seg1s16 pos=303 sha=8f30a0721faf528e first8=[0.0011,0.0051,0.0698,-0.0168,-0.0024,0.0116,0.0007,0.0001]
HID seg2s16 pos=303 sha=801cc4488393ca03 first8=[0.0232,0.2546,0.1865,0.1013,-0.0457,-0.0844,0.1709,-0.1499]
HID seg0s16 pos=319 sha=6483a734d215cc82 first8=[0.0016,-0.0081,0.0227,-0.0077,-0.0060,0.0147,-0.0018,-0.0054]
HID seg1s16 pos=319 sha=4e49fb73b1dfb17a first8=[-0.0097,0.0054,0.0609,0.0055,0.0011,0.0309,0.0110,-0.0151]
HID seg2s16 pos=319 sha=074e87c8a97d06c3 first8=[0.1696,0.2098,-0.0179,0.1676,0.1022,-0.0388,-0.1864,-0.2213]
HID seg0s16 pos=335 sha=ad5047acf3629132 first8=[0.0006,-0.0008,0.0191,-0.0013,-0.0020,0.0055,0.0004,-0.0061]
HID seg1s16 pos=335 sha=1e2eaafeebd7c1f5 first8=[0.0163,-0.0038,0.0449,-0.0089,0.0010,0.0025,0.0183,-0.0155]
HID seg2s16 pos=335 sha=c41876c31877f334 first8=[-0.0278,0.0053,0.1458,0.0024,-0.0219,0.0538,0.1714,-0.2225]
HID seg0s16 pos=351 sha=70bc1f5cb158e8ac first8=[-0.0012,-0.0012,0.0206,0.0035,-0.0054,0.0100,-0.0074,0.0018]
HID seg1s16 pos=351 sha=98ab5325a8191781 first8=[-0.0056,0.0033,0.0675,0.0118,0.0030,0.0060,0.0116,-0.0246]
HID seg2s16 pos=351 sha=b2f36873cdb806dd first8=[0.1443,-0.0618,0.0435,-0.0316,0.0782,0.0366,0.0638,-0.2754]
PROBE_JSON {"offset":6,"abs":{"2752":0.00079274829269158637,"4547":0.25698057047713152,"17550":0.0046337917284884145,"11683":0.00031533348449766475,"18171":5.4796743103129013e-05,"2243":0.00013456781325657134,"12447":0.7320695190129618,"794":1.3533840596852073e-05},"probs":{"2752":0.00079673606714104049,"17550":0.0046571011653289765,"12447":0.73575206005411897,"4547":0.2582732639618131,"11683":0.00031691971158150702,"794":1.3601920092238775e-05,"2243":0.000135244731885562,"18171":5.5072388038696191e-05}}
PROBE_JSON {"offset":9,"probs":{"2752":0.17114609122545629,"17550":0.69838290469925546,"12447":0.097516103300096704,"4547":0.028825705075709949,"11683":0.00033559256010143578,"794":0.00047326136538241605,"2243":8.6187297446421314e-05,"18171":0.0032341544765511453},"abs":{"2752":0.091092608626011567,"4547":0.015342498633938528,"17550":0.37171471550034413,"11683":0.00017861933928044261,"18171":0.0017213806395405241,"2243":4.5873240216033289e-05,"12447":0.051903003855037315,"794":0.0002518936425945088}}
PROBE_JSON {"offset":12,"abs":{"2752":0.0023323618088488692,"4547":0.00035767926786639569,"17550":0.0032891573457050987,"11683":8.815501316060727e-06,"18171":3.0769122935008151e-05,"2243":6.3495674027201612e-06,"12447":0.00037484465433187958,"794":1.4995672883139285e-05},"probs":{"2752":0.36358092702728551,"17550":0.51273128909630294,"12447":0.058432772478156356,"4547":0.055756941009717717,"11683":0.0013742070928032847,"794":0.0023376050094648898,"2243":0.00098980423780932339,"18171":0.0047964540484600558}}
PROBE_JSON {"offset":15,"probs":{"2752":0.14962786858785806,"17550":0.80888061536369515,"12447":0.030877455913538469,"4547":0.0054501947149082153,"11683":0.0001194734432581742,"794":0.00069291449970216266,"2243":4.0018590735304303e-05,"18171":0.0043114588863045651},"abs":{"2752":0.011147099095930847,"4547":0.00040603305488861636,"17550":0.060260648376089444,"11683":8.9006301025329837e-06,"18171":0.00032119858357434762,"2243":2.9813376399464157e-06,"12447":0.0023003339160468385,"794":5.1621310027897674e-05}}
SCORE_END {"ms":386266.16454099998,"row":8,"rss_bytes":2048756064}
SCORE_BEGIN {"candidateId":"cand-axis-fcn-pos-02","candidateViewDigest":"sha256:aa1b06c559e561f1bca6d8295f07be4b4ac0f5948648462228d7ce21ea83fb07","probes":[{"axis":"evidence_sufficient","offset":342},{"offset":345,"axis":"still_needed"},{"offset":348,"axis":"full_content_needed"},{"offset":351,"axis":"unresolved_evidence"}],"requestId":"sdr-axis-fcn-pos-02","row":9,"promptDigest":"sha256:88029bc616dcf4ae9f82695981e6b5d87fa82b8d25ed3cb2cca63ae6a3208653","axis":"","promptTokens":352}
HID seg0s16 pos=15 sha=3378010d1979bb2c first8=[0.0065,-0.0041,0.0453,-0.0000,0.0009,-0.0145,-0.0064,-0.0048]
HID seg1s16 pos=15 sha=33783001c638175e first8=[0.0074,-0.0018,0.1719,-0.0005,0.0045,-0.0159,-0.0085,-0.0296]
HID seg2s16 pos=15 sha=f36dc8af5d7d8a26 first8=[-0.0663,0.0079,0.2064,0.1449,0.1399,-0.0438,0.0773,-0.3635]
HID seg0s16 pos=31 sha=8611e6ccef2211b2 first8=[0.0008,0.0085,0.0349,0.0152,0.0036,-0.0015,-0.0054,-0.0107]
HID seg1s16 pos=31 sha=c843dba8acdfb4e9 first8=[-0.0195,0.0054,0.1002,0.0138,-0.0041,0.0061,0.0123,-0.0248]
HID seg2s16 pos=31 sha=5ad38bc89222e09e first8=[-0.1830,0.1180,0.1005,-0.0369,0.1135,-0.0806,0.1672,-0.2412]
HID seg0s16 pos=47 sha=5469962a0d1ab17a first8=[0.0058,-0.0099,0.0379,-0.0005,-0.0038,0.0078,0.0013,-0.0069]
HID seg1s16 pos=47 sha=dd2145f1816f9221 first8=[-0.0138,-0.0188,0.1226,0.0105,-0.0034,0.0169,0.0079,-0.0204]
HID seg2s16 pos=47 sha=5fcf3430a1444f7a first8=[-0.0396,-0.0811,0.0763,0.0437,0.1495,0.0872,-0.0288,-0.4182]
HID seg0s16 pos=63 sha=eb6a1f69d37808ac first8=[0.0054,-0.0103,0.0395,0.0036,-0.0093,-0.0110,-0.0024,0.0041]
HID seg1s16 pos=63 sha=eeabf1397251ff98 first8=[0.0016,-0.0182,0.0997,-0.0018,-0.0024,0.0194,-0.0067,0.0247]
HID seg2s16 pos=63 sha=6133125c3addcd5a first8=[0.0472,0.0730,0.0500,0.0552,-0.1339,0.2111,0.0848,-0.0483]
HID seg0s16 pos=79 sha=098b596554b7234e first8=[0.0046,-0.0137,0.0354,0.0076,-0.0052,0.0103,-0.0063,-0.0078]
HID seg1s16 pos=79 sha=df87c2950d66f0ec first8=[-0.0037,-0.0011,0.1057,-0.0048,-0.0008,0.0270,-0.0048,-0.0144]
HID seg2s16 pos=79 sha=ddfc17d35510d8fa first8=[0.0417,0.1142,0.1134,-0.0285,-0.1707,0.1954,0.0271,-0.2184]
HID seg0s16 pos=95 sha=9a6a891f2fd683a0 first8=[-0.0002,-0.0063,0.0454,0.0064,-0.0052,0.0162,0.0035,0.0045]
HID seg1s16 pos=95 sha=0d46f748a5ce7cf8 first8=[0.0013,-0.0137,0.1136,-0.0078,0.0046,0.0329,0.0194,0.0097]
HID seg2s16 pos=95 sha=2af2fd6b92a41ca8 first8=[0.0973,0.0936,0.1321,0.0543,-0.0621,0.2054,0.1116,-0.2798]
HID seg0s16 pos=111 sha=e5c0d57719247a0f first8=[0.0036,-0.0060,0.0326,-0.0053,0.0003,-0.0029,0.0036,0.0009]
HID seg1s16 pos=111 sha=877392d1191d1f09 first8=[-0.0047,0.0039,0.0938,-0.0027,0.0031,0.0110,0.0098,-0.0107]
HID seg2s16 pos=111 sha=9cf696c9ab4de3c4 first8=[0.0346,0.0396,-0.0374,-0.1676,-0.1595,0.0474,0.0820,-0.2603]
HID seg0s16 pos=127 sha=f9f618e75bac7a6b first8=[-0.0024,0.0000,0.0298,0.0033,-0.0032,-0.0048,-0.0047,-0.0063]
HID seg1s16 pos=127 sha=9e5d09b1756845a5 first8=[0.0196,0.0014,0.0668,-0.0046,-0.0058,-0.0014,0.0045,-0.0140]
HID seg2s16 pos=127 sha=91af033dbc45f83c first8=[-0.0136,0.0237,0.2068,0.0861,-0.0983,0.0391,-0.0776,-0.3794]
HID seg0s16 pos=143 sha=8e7dd1ef98a372c9 first8=[0.0022,-0.0027,0.0249,-0.0037,-0.0010,-0.0017,0.0006,0.0036]
HID seg1s16 pos=143 sha=8f4411867ff91bc3 first8=[-0.0065,0.0037,0.0903,-0.0058,0.0051,0.0057,0.0108,0.0014]
HID seg2s16 pos=143 sha=1168a06eddd49ee9 first8=[0.0361,-0.0103,-0.0011,-0.1300,-0.1993,0.0058,0.0680,-0.2454]
HID seg0s16 pos=159 sha=fff61af1b01e21a9 first8=[-0.0062,-0.0017,0.0208,-0.0025,-0.0022,-0.0067,-0.0041,-0.0006]
HID seg1s16 pos=159 sha=2ff560a82f7dd5b6 first8=[0.0042,0.0111,0.0927,0.0078,0.0024,-0.0242,0.0030,-0.0209]
HID seg2s16 pos=159 sha=f69971932ea21e66 first8=[0.1289,-0.1492,0.1193,0.0962,-0.1879,-0.1034,-0.0492,-0.1747]
HID seg0s16 pos=175 sha=6a98b238afe4fe96 first8=[-0.0030,-0.0022,0.0290,-0.0034,0.0002,-0.0033,-0.0083,0.0006]
HID seg1s16 pos=175 sha=424f6a5c748dcbb1 first8=[-0.0117,-0.0114,0.0688,0.0050,0.0115,-0.0145,-0.0040,0.0115]
HID seg2s16 pos=175 sha=3f0415cafe1d50ef first8=[0.0593,0.0920,0.2234,0.2964,-0.1407,0.0590,0.0802,-0.2168]
HID seg0s16 pos=191 sha=2a8c0ceb28e6b94c first8=[-0.0017,0.0014,0.0401,-0.0039,-0.0048,-0.0031,-0.0021,-0.0019]
HID seg1s16 pos=191 sha=5e1665ef1dadc45f first8=[-0.0093,-0.0204,0.0887,0.0212,0.0073,-0.0170,0.0016,-0.0109]
HID seg2s16 pos=191 sha=12cb911b46142a77 first8=[-0.0156,-0.0820,0.1914,0.0750,0.0440,-0.1810,-0.0047,-0.3142]
HID seg0s16 pos=207 sha=10e796255b8f9863 first8=[0.0032,-0.0003,0.0323,0.0052,-0.0040,0.0101,0.0079,0.0009]
HID seg1s16 pos=207 sha=68f4f367b32b7c89 first8=[-0.0045,-0.0007,0.0599,0.0040,0.0004,0.0343,-0.0132,0.0084]
HID seg2s16 pos=207 sha=f4fb3fe88db082cf first8=[-0.2200,0.1036,0.1603,-0.0846,0.0899,0.2773,-0.0166,-0.2896]
HID seg0s16 pos=223 sha=fbda7dc5b9ed141d first8=[-0.0044,0.0012,0.0325,-0.0032,-0.0033,0.0076,0.0041,-0.0136]
HID seg1s16 pos=223 sha=bf87a4365e35345b first8=[-0.0048,-0.0143,0.0944,-0.0105,0.0096,0.0045,-0.0040,-0.0123]
HID seg2s16 pos=223 sha=95f0c48d254be9a9 first8=[0.0539,-0.1500,0.0658,0.1154,0.0588,0.0398,-0.0811,-0.0500]
HID seg0s16 pos=239 sha=a5f0bb9522599bcf first8=[-0.0076,-0.0030,0.0339,-0.0036,-0.0058,0.0055,-0.0032,0.0070]
HID seg1s16 pos=239 sha=43dc17afdc3282f9 first8=[0.0042,-0.0124,0.0999,-0.0038,-0.0064,0.0270,-0.0022,0.0124]
HID seg2s16 pos=239 sha=d90082c5b768cb6d first8=[0.1882,-0.0246,0.0433,0.0095,0.0928,0.2993,0.0229,0.1247]
HID seg0s16 pos=255 sha=ab71321da7fae4f8 first8=[-0.0076,-0.0028,0.0267,-0.0026,-0.0128,0.0123,0.0027,-0.0049]
HID seg1s16 pos=255 sha=fd60b1ef428dc72b first8=[-0.0051,-0.0059,0.0785,0.0171,-0.0085,0.0278,-0.0061,-0.0079]
HID seg2s16 pos=255 sha=9412027f21b9af62 first8=[-0.1227,0.1837,0.1606,0.3167,0.0324,0.0106,0.0390,0.0137]
HID seg0s16 pos=271 sha=3d511849ee47e093 first8=[0.0038,-0.0031,0.0244,0.0032,-0.0031,-0.0001,0.0008,0.0026]
HID seg1s16 pos=271 sha=df97662b64a8a693 first8=[0.0070,0.0107,0.0620,0.0125,-0.0018,-0.0007,-0.0020,-0.0235]
HID seg2s16 pos=271 sha=25086e157b04e0f4 first8=[-0.1672,0.0600,0.2236,0.0935,0.2664,0.1144,-0.0159,-0.2854]
HID seg0s16 pos=287 sha=4e6a411f6ddf73f7 first8=[-0.0007,-0.0039,0.0283,-0.0072,-0.0016,0.0000,-0.0060,0.0083]
HID seg1s16 pos=287 sha=107cb1dc50533d33 first8=[0.0223,-0.0054,0.0589,0.0007,-0.0130,0.0143,-0.0094,-0.0013]
HID seg2s16 pos=287 sha=1ae37d1716ca5fa8 first8=[-0.0299,-0.0331,-0.0142,-0.0211,-0.0508,-0.1337,0.0714,0.0989]
HID seg0s16 pos=303 sha=f7ff9d64a57a4826 first8=[-0.0072,0.0034,0.0308,0.0035,0.0067,-0.0004,-0.0019,0.0021]
HID seg1s16 pos=303 sha=6ee891448dbcc410 first8=[0.0026,0.0010,0.0712,-0.0179,-0.0014,0.0098,0.0044,-0.0023]
HID seg2s16 pos=303 sha=1ade726d7c06a084 first8=[-0.0029,0.2156,0.1893,0.1088,-0.0703,-0.0610,0.1635,-0.1630]
HID seg0s16 pos=319 sha=ea6507f6d9b58156 first8=[0.0012,-0.0074,0.0244,-0.0066,-0.0053,0.0157,-0.0016,-0.0041]
HID seg1s16 pos=319 sha=d1d9c2e1ea10a413 first8=[-0.0075,0.0090,0.0567,0.0095,0.0071,0.0288,0.0058,-0.0131]
HID seg2s16 pos=319 sha=4063959307bd684c first8=[0.1750,0.2075,0.0288,0.0875,0.0835,-0.0554,-0.1943,-0.1788]
HID seg0s16 pos=335 sha=5b52e9a611bd4191 first8=[0.0002,-0.0009,0.0202,0.0014,-0.0021,0.0064,0.0005,-0.0056]
HID seg1s16 pos=335 sha=28dbeb69a4336eb7 first8=[0.0108,-0.0097,0.0490,-0.0115,-0.0001,0.0010,0.0182,-0.0092]
HID seg2s16 pos=335 sha=b394f83c78d929f5 first8=[-0.0447,0.0115,0.1254,-0.0339,-0.0210,0.0095,0.1654,-0.2361]
HID seg0s16 pos=351 sha=8432f3370f494af3 first8=[-0.0029,-0.0020,0.0208,0.0046,-0.0039,0.0087,-0.0062,0.0022]
HID seg1s16 pos=351 sha=d70b315e8f809dac first8=[-0.0040,0.0028,0.0696,0.0075,0.0098,0.0006,0.0098,-0.0205]
HID seg2s16 pos=351 sha=f41cd98bccdf1fa8 first8=[0.1593,-0.0479,0.0519,-0.0290,0.1514,0.0269,0.1070,-0.2869]
PROBE_JSON {"offset":6,"abs":{"2752":0.00016253811940426731,"4547":0.10726954470609253,"17550":0.0027277300402373367,"11683":0.00030129807441986759,"18171":4.4089649743353675e-05,"2243":6.516027832993647e-05,"12447":0.88423226932197119,"794":4.6834618836883371e-06},"probs":{"2752":0.00016338653443104096,"17550":0.0027419682211859129,"12447":0.88884777703917961,"4547":0.10782946931933023,"11683":0.00030287078742290163,"794":4.7079085762796293e-06,"2243":6.5500401369913156e-05,"18171":4.4319788504061314e-05}}
PROBE_JSON {"offset":9,"probs":{"2752":0.3158363009960638,"17550":0.55430997090025635,"12447":0.073854655322870055,"4547":0.050759512792211199,"11683":0.00037562989000469775,"794":0.0011937493216220662,"2243":0.0001615564025552366,"18171":0.0035086243744165278},"abs":{"2752":0.1372570580320128,"4547":0.022059216660734824,"17550":0.24089363889975401,"11683":0.00016324232980291883,"18171":0.0015247881825269536,"2243":7.0209651173832891e-05,"12447":0.032095970854571949,"794":0.00051878305120980342}}
PROBE_JSON {"offset":12,"abs":{"2752":0.0023086691555742351,"4547":0.00033259532620668654,"17550":0.0035203000779108272,"11683":8.5906681421723589e-06,"18171":3.8500703519675269e-05,"2243":5.7226186945821178e-06,"12447":0.00038281487390115656,"794":1.6558946244684316e-05},"probs":{"2752":0.34907100029608584,"17550":0.53226971329855766,"12447":0.057881646072262365,"4547":0.050288445588858602,"11683":0.0012989098565116591,"794":0.0025037142786461094,"2243":0.00086526050179502574,"18171":0.0058213101072826868}}
PROBE_JSON {"offset":15,"probs":{"2752":0.18750430196373319,"17550":0.78942259747081955,"12447":0.016129933815789477,"4547":0.0030784517405337973,"11683":6.2900685879780039e-05,"794":0.00055193598366802706,"2243":2.3688615354406317e-05,"18171":0.0032261897242218613},"abs":{"2752":0.038047269827833179,"4547":0.00062466131601986684,"17550":0.16018498914211904,"11683":1.2763437120960867e-05,"18171":0.00065463943849668866,"2243":4.8067544626852069e-06,"12447":0.0032729912741582537,"794":0.00011199560265219769}}
SCORE_END {"ms":386725.23354099999,"row":9,"rss_bytes":2271775240}
SCORE_BEGIN {"candidateId":"cand-axis-fcn-neg-01","candidateViewDigest":"sha256:3281d7e0f812bc1ed49417c9b8eaed5018cf986e0a5fc3dbee96489e420139a7","probes":[{"axis":"evidence_sufficient","offset":342},{"offset":345,"axis":"still_needed"},{"offset":348,"axis":"full_content_needed"},{"offset":351,"axis":"unresolved_evidence"}],"requestId":"sdr-axis-fcn-neg-01","row":10,"promptDigest":"sha256:469c00bb00c959cf341f6995971421b2e55321a504682bde0fa627a839402051","axis":"","promptTokens":352}
HID seg0s16 pos=15 sha=d90046c44be67250 first8=[0.0110,-0.0066,0.0384,0.0014,-0.0040,-0.0121,-0.0018,-0.0042]
HID seg1s16 pos=15 sha=1663f3fdccc1466f first8=[0.0090,-0.0003,0.1375,-0.0156,0.0107,-0.0050,-0.0111,0.0126]
HID seg2s16 pos=15 sha=d31df2327f493a85 first8=[-0.0366,-0.0527,0.1782,-0.0646,-0.2118,0.0480,0.0560,-0.2014]
HID seg0s16 pos=31 sha=e8ee5498eea5d3ab first8=[0.0067,-0.0082,0.0424,0.0112,-0.0007,0.0025,-0.0033,-0.0006]
HID seg1s16 pos=31 sha=3d33222e274d64b4 first8=[-0.0040,-0.0307,0.1244,0.0183,-0.0093,0.0105,-0.0140,-0.0020]
HID seg2s16 pos=31 sha=f1bda0b216d49602 first8=[-0.1659,0.1392,0.0464,0.0714,0.0749,0.0099,0.0460,-0.2338]
HID seg0s16 pos=47 sha=08fefa5e862ac807 first8=[0.0060,-0.0177,0.0318,-0.0037,-0.0053,0.0120,0.0035,-0.0062]
HID seg1s16 pos=47 sha=f5e500aa2f805bb3 first8=[-0.0100,-0.0218,0.1015,0.0117,-0.0071,0.0202,-0.0041,-0.0108]
HID seg2s16 pos=47 sha=7f3c5c11c3284fb1 first8=[0.0471,-0.0255,0.0463,0.2104,0.1248,0.1159,-0.0401,-0.2625]
HID seg0s16 pos=63 sha=6ee12dbf8c71de7b first8=[0.0072,0.0020,0.0339,0.0010,-0.0071,-0.0041,0.0023,-0.0029]
HID seg1s16 pos=63 sha=4bdfc5507b3181e7 first8=[0.0216,0.0121,0.0895,0.0030,0.0095,0.0078,-0.0032,-0.0234]
HID seg2s16 pos=63 sha=1b6d20242d41d1b9 first8=[0.0070,-0.0427,-0.0004,0.1177,-0.0456,0.0172,0.0439,-0.1863]
HID seg0s16 pos=79 sha=e30dd6556bf761dd first8=[0.0033,-0.0035,0.0415,-0.0037,-0.0032,0.0040,-0.0010,-0.0082]
HID seg1s16 pos=79 sha=e3e2d337dd28fdda first8=[-0.0112,-0.0159,0.1074,0.0056,0.0096,0.0097,0.0033,-0.0231]
HID seg2s16 pos=79 sha=2e0cbfcdd4464576 first8=[-0.0389,0.0272,-0.0636,-0.0306,-0.1385,0.0171,-0.1124,0.0145]
HID seg0s16 pos=95 sha=c7df5243cb6492a3 first8=[0.0019,-0.0031,0.0347,-0.0074,-0.0014,-0.0052,-0.0000,-0.0006]
HID seg1s16 pos=95 sha=8dff76ed1515e104 first8=[-0.0105,0.0025,0.1085,-0.0147,0.0110,-0.0089,0.0060,-0.0100]
HID seg2s16 pos=95 sha=6786374d1ccada59 first8=[0.0475,0.1085,0.0147,0.0193,-0.0728,0.0024,0.0071,-0.1821]
HID seg0s16 pos=111 sha=9019161ed86d6bbe first8=[0.0057,-0.0055,0.0333,-0.0043,-0.0023,-0.0025,0.0041,0.0020]
HID seg1s16 pos=111 sha=30b57beb89761bf3 first8=[-0.0064,0.0010,0.0923,-0.0019,0.0143,0.0179,0.0082,0.0142]
HID seg2s16 pos=111 sha=2245c94debd50911 first8=[0.0275,0.0872,-0.0060,-0.0666,-0.2773,0.0334,0.1252,-0.2079]
HID seg0s16 pos=127 sha=b4d461976fab0053 first8=[-0.0030,-0.0006,0.0334,0.0029,-0.0021,-0.0044,-0.0060,-0.0055]
HID seg1s16 pos=127 sha=5d5ac0cb251fb28f first8=[0.0275,0.0050,0.0699,0.0003,-0.0025,0.0073,0.0117,-0.0092]
HID seg2s16 pos=127 sha=c5179d104327ce45 first8=[0.0037,0.0717,0.1831,0.1438,-0.1604,0.1625,-0.1709,-0.3909]
HID seg0s16 pos=143 sha=7e734309fa5a7569 first8=[0.0026,-0.0023,0.0257,-0.0043,-0.0026,-0.0023,0.0030,0.0006]
HID seg1s16 pos=143 sha=b66059567d6859d1 first8=[-0.0061,0.0039,0.0790,0.0035,0.0072,0.0214,0.0160,0.0015]
HID seg2s16 pos=143 sha=61a68ccf13949863 first8=[0.0200,0.0073,0.0135,-0.1252,-0.2137,0.0145,0.0756,-0.2666]
HID seg0s16 pos=159 sha=9e48b70c5fec4263 first8=[-0.0052,-0.0024,0.0234,-0.0027,-0.0040,-0.0065,-0.0023,-0.0008]
HID seg1s16 pos=159 sha=ddcf9787fd249be7 first8=[0.0035,0.0003,0.0677,0.0032,-0.0022,-0.0210,0.0070,-0.0237]
HID seg2s16 pos=159 sha=f63fc18560f700c0 first8=[0.1737,-0.0868,0.0735,0.0590,-0.2031,-0.0616,-0.0605,-0.1737]
HID seg0s16 pos=175 sha=f044cf0a1d6907c0 first8=[-0.0023,-0.0020,0.0304,-0.0040,-0.0001,-0.0031,-0.0072,0.0048]
HID seg1s16 pos=175 sha=9cabe67c05bab84c first8=[-0.0068,-0.0126,0.0686,0.0048,0.0085,-0.0107,-0.0014,0.0221]
HID seg2s16 pos=175 sha=11d788c61141d6e1 first8=[0.0577,0.1968,0.2184,0.2781,-0.2012,0.1227,0.0430,-0.2289]
HID seg0s16 pos=191 sha=678698f0b4d3e479 first8=[-0.0026,0.0029,0.0393,-0.0030,-0.0023,-0.0031,-0.0019,0.0002]
HID seg1s16 pos=191 sha=ca8237f729d5cf0c first8=[-0.0108,-0.0199,0.0892,0.0206,0.0163,-0.0149,0.0007,-0.0034]
HID seg2s16 pos=191 sha=c9652977e2e8fc40 first8=[0.0120,-0.1195,0.1658,0.0026,0.0492,-0.0491,-0.0060,-0.3333]
HID seg0s16 pos=207 sha=fca644621e5dcbcd first8=[0.0027,-0.0012,0.0317,0.0061,-0.0024,0.0104,0.0077,-0.0009]
HID seg1s16 pos=207 sha=bd3f8aa015b8bacc first8=[-0.0043,-0.0070,0.0551,0.0046,0.0036,0.0254,-0.0068,0.0075]
HID seg2s16 pos=207 sha=e1bb759ebe42f4f1 first8=[-0.1892,0.0964,0.1285,-0.0623,0.1315,0.2744,-0.0247,-0.3838]
HID seg0s16 pos=223 sha=d2b3450c8fcc1343 first8=[-0.0045,0.0029,0.0341,-0.0029,-0.0033,0.0095,0.0050,-0.0151]
HID seg1s16 pos=223 sha=34e108c6337d0856 first8=[-0.0097,-0.0146,0.0847,-0.0114,0.0019,0.0080,-0.0030,-0.0075]
HID seg2s16 pos=223 sha=58bbd63b52998712 first8=[0.0340,-0.1697,0.0367,0.1017,0.0815,0.0577,-0.0764,-0.0008]
HID seg0s16 pos=239 sha=2cb282476e97b292 first8=[-0.0088,-0.0020,0.0330,-0.0052,-0.0058,0.0090,-0.0004,0.0044]
HID seg1s16 pos=239 sha=55b22c895cb779d0 first8=[0.0055,-0.0114,0.0934,-0.0051,-0.0122,0.0284,-0.0006,0.0173]
HID seg2s16 pos=239 sha=e03dc26a72ec9a05 first8=[0.1588,-0.0407,-0.0171,0.0389,0.0883,0.2634,0.0023,0.1775]
HID seg0s16 pos=255 sha=4e7573abe6513d21 first8=[-0.0069,-0.0032,0.0268,-0.0033,-0.0124,0.0111,0.0032,-0.0023]
HID seg1s16 pos=255 sha=2195b96604ae4c5d first8=[-0.0040,-0.0050,0.0757,0.0056,-0.0068,0.0257,-0.0037,0.0000]
HID seg2s16 pos=255 sha=e96ac2aa702cc92a first8=[-0.1270,0.1857,0.1152,0.1978,0.0616,0.0618,0.0401,0.0765]
HID seg0s16 pos=271 sha=acd0d6f00823b2ad first8=[0.0019,-0.0023,0.0245,0.0043,-0.0043,0.0016,-0.0000,0.0019]
HID seg1s16 pos=271 sha=39ca69141c98a48a first8=[0.0051,0.0092,0.0587,0.0173,-0.0060,0.0023,0.0004,-0.0219]
HID seg2s16 pos=271 sha=c237518acad60d5a first8=[-0.1971,0.0692,0.1995,0.0598,0.2576,0.1478,-0.0075,-0.3088]
HID seg0s16 pos=287 sha=bd12f82105490640 first8=[0.0000,-0.0044,0.0284,-0.0067,-0.0007,-0.0015,-0.0055,0.0081]
HID seg1s16 pos=287 sha=165ff7fd65842935 first8=[0.0272,-0.0067,0.0694,0.0054,-0.0183,0.0111,-0.0064,-0.0004]
HID seg2s16 pos=287 sha=7275d86bb9bcada8 first8=[-0.0156,-0.0103,-0.0465,-0.0707,0.0177,-0.1025,0.1024,0.1162]
HID seg0s16 pos=303 sha=759002701dceed24 first8=[-0.0075,0.0006,0.0315,0.0023,0.0052,0.0026,-0.0028,0.0029]
HID seg1s16 pos=303 sha=12acc4fec9427ff5 first8=[-0.0012,0.0015,0.0668,-0.0191,-0.0023,0.0050,0.0064,0.0043]
HID seg2s16 pos=303 sha=49568927805d80e5 first8=[0.0042,0.2255,0.1685,0.1376,-0.0750,-0.0823,0.1750,-0.1101]
HID seg0s16 pos=319 sha=feee67e6fbf4e09b first8=[0.0016,-0.0079,0.0245,-0.0053,-0.0061,0.0127,-0.0009,-0.0055]
HID seg1s16 pos=319 sha=416c5780ad77e43d first8=[0.0001,0.0038,0.0610,0.0209,0.0115,0.0269,-0.0008,-0.0171]
HID seg2s16 pos=319 sha=7a3d907105dbe399 first8=[0.1718,0.2109,-0.0168,0.0066,0.0537,-0.0246,-0.1193,-0.1263]
HID seg0s16 pos=335 sha=1e68bb45f5224bb2 first8=[-0.0018,-0.0009,0.0209,-0.0013,-0.0011,0.0043,0.0003,-0.0052]
HID seg1s16 pos=335 sha=86fc1adeded8be6e first8=[0.0177,-0.0061,0.0453,-0.0101,-0.0000,-0.0035,0.0213,-0.0143]
HID seg2s16 pos=335 sha=081f3fd65af8d01b first8=[-0.0062,-0.0161,0.0966,0.0217,-0.0245,0.0282,0.2140,-0.2695]
HID seg0s16 pos=351 sha=b5d244e1d6ccb47f first8=[-0.0036,-0.0045,0.0213,0.0040,-0.0052,0.0084,-0.0055,0.0008]
HID seg1s16 pos=351 sha=6cc80ef629745c56 first8=[-0.0069,0.0054,0.0630,0.0060,0.0032,0.0041,0.0143,-0.0175]
HID seg2s16 pos=351 sha=b7166cbfb5661058 first8=[0.1340,0.0109,0.0257,-0.0750,0.1580,0.0465,0.0299,-0.3250]
PROBE_JSON {"offset":6,"abs":{"2752":0.0010251763062513316,"4547":0.12812285443738189,"17550":0.011917281861705264,"11683":0.0013581379455317201,"18171":0.00017538698631880948,"2243":0.00035153433325436277,"12447":0.83546595896655151,"794":1.8924026968821941e-05},"probs":{"2752":0.0010477712256943014,"17550":0.012179939145142697,"12447":0.8538796561277936,"4547":0.1309466863550367,"11683":0.0013880713504344729,"794":1.9341113144428786e-05,"2243":0.00035928216149901316,"18171":0.00017925252125465809}}
PROBE_JSON {"offset":9,"probs":{"2752":0.20521566874207225,"17550":0.61266081850090437,"12447":0.10646448642847957,"4547":0.039782872034607994,"11683":0.003265576996215539,"794":0.0059131960306406384,"2243":0.0010116285608654653,"18171":0.025685752706214045},"abs":{"2752":0.032629824776904084,"4547":0.0063255800669041462,"17550":0.097414662719955802,"11683":0.00051923523108718839,"18171":0.0040841014489983087,"2243":0.00016085157085076121,"12447":0.016928130090741782,"794":0.00094021353990175066}}
PROBE_JSON {"offset":12,"abs":{"2752":0.0059868576817112698,"4547":0.0014443966345814051,"17550":0.012284234354704611,"11683":4.5710222474771069e-05,"18171":0.00014526678659616054,"2243":3.9713729511205307e-05,"12447":0.0018546419905807602,"794":6.055620605268235e-05},"probs":{"2752":0.27385546279617079,"17550":0.56191492484963557,"12447":0.084836464745647239,"4547":0.066070705176919708,"11683":0.0020909122607982627,"794":0.0027700086949448534,"2243":0.0018166160535061115,"18171":0.0066449054223772525}}
PROBE_JSON {"offset":15,"probs":{"2752":0.18096187477935033,"17550":0.77387578212587382,"12447":0.025665851488699015,"4547":0.0063887355703874538,"11683":0.00024966103840298195,"794":0.0020419625352758861,"2243":0.0001170137736628278,"18171":0.010699118688347723},"abs":{"2752":0.032161442093673165,"4547":0.0011354377785339595,"17550":0.13753704300911351,"11683":4.4370998252721808e-05,"18171":0.0019015004490210831,"2243":2.0796268332254537e-05,"12447":0.0045614624486240195,"794":0.00036290771144917088}}
SCORE_END {"ms":392622.787083,"row":10,"rss_bytes":2495220376}
SCORE_BEGIN {"candidateId":"cand-axis-fcn-neg-02","candidateViewDigest":"sha256:763d6ab05960d5876ec33b3b7f34114ae81ab026e04604d995bfeca656ac86cf","probes":[{"axis":"evidence_sufficient","offset":342},{"offset":345,"axis":"still_needed"},{"offset":348,"axis":"full_content_needed"},{"offset":351,"axis":"unresolved_evidence"}],"requestId":"sdr-axis-fcn-neg-02","row":11,"promptDigest":"sha256:99a0f53f0ca083f31be96c8ad9d29041068686b164527946ba7f06bc8f1fc687","axis":"","promptTokens":352}
HID seg0s16 pos=15 sha=d90046c44be67250 first8=[0.0110,-0.0066,0.0384,0.0014,-0.0040,-0.0121,-0.0018,-0.0042]
HID seg1s16 pos=15 sha=1663f3fdccc1466f first8=[0.0090,-0.0003,0.1375,-0.0156,0.0107,-0.0050,-0.0111,0.0126]
HID seg2s16 pos=15 sha=d31df2327f493a85 first8=[-0.0366,-0.0527,0.1782,-0.0646,-0.2118,0.0480,0.0560,-0.2014]
HID seg0s16 pos=31 sha=e8ee5498eea5d3ab first8=[0.0067,-0.0082,0.0424,0.0112,-0.0007,0.0025,-0.0033,-0.0006]
HID seg1s16 pos=31 sha=3d33222e274d64b4 first8=[-0.0040,-0.0307,0.1244,0.0183,-0.0093,0.0105,-0.0140,-0.0020]
HID seg2s16 pos=31 sha=f1bda0b216d49602 first8=[-0.1659,0.1392,0.0464,0.0714,0.0749,0.0099,0.0460,-0.2338]
HID seg0s16 pos=47 sha=08fefa5e862ac807 first8=[0.0060,-0.0177,0.0318,-0.0037,-0.0053,0.0120,0.0035,-0.0062]
HID seg1s16 pos=47 sha=f5e500aa2f805bb3 first8=[-0.0100,-0.0218,0.1015,0.0117,-0.0071,0.0202,-0.0041,-0.0108]
HID seg2s16 pos=47 sha=7f3c5c11c3284fb1 first8=[0.0471,-0.0255,0.0463,0.2104,0.1248,0.1159,-0.0401,-0.2625]
HID seg0s16 pos=63 sha=6ee12dbf8c71de7b first8=[0.0072,0.0020,0.0339,0.0010,-0.0071,-0.0041,0.0023,-0.0029]
HID seg1s16 pos=63 sha=4bdfc5507b3181e7 first8=[0.0216,0.0121,0.0895,0.0030,0.0095,0.0078,-0.0032,-0.0234]
HID seg2s16 pos=63 sha=1b6d20242d41d1b9 first8=[0.0070,-0.0427,-0.0004,0.1177,-0.0456,0.0172,0.0439,-0.1863]
HID seg0s16 pos=79 sha=a2ac7da03439ca8a first8=[0.0019,-0.0024,0.0409,-0.0038,-0.0044,0.0069,-0.0018,-0.0085]
HID seg1s16 pos=79 sha=b2b9e8030e802798 first8=[-0.0146,-0.0167,0.1132,0.0087,0.0040,0.0113,0.0060,-0.0164]
HID seg2s16 pos=79 sha=d13aaf91ab493d47 first8=[-0.0387,0.0111,-0.0628,-0.0426,-0.1628,0.0123,-0.0045,0.1050]
HID seg0s16 pos=95 sha=65f3dfdf4eaf072c first8=[0.0011,-0.0052,0.0304,0.0033,-0.0067,-0.0029,-0.0000,-0.0061]
HID seg1s16 pos=95 sha=8dc9583f9516ef12 first8=[-0.0157,0.0035,0.1050,-0.0017,0.0114,-0.0172,0.0121,-0.0050]
HID seg2s16 pos=95 sha=efda261162e04edc first8=[0.0517,0.0676,0.0294,-0.0640,-0.0374,-0.0398,-0.0095,-0.2759]
HID seg0s16 pos=111 sha=892bf4d07e761c67 first8=[0.0059,-0.0069,0.0315,-0.0050,-0.0046,-0.0014,0.0033,0.0004]
HID seg1s16 pos=111 sha=a9e4f73621b8e91c first8=[-0.0024,-0.0068,0.0853,-0.0016,0.0160,0.0137,0.0101,0.0060]
HID seg2s16 pos=111 sha=f735b5aec8865e76 first8=[0.0375,0.0776,-0.0026,-0.0543,-0.2761,0.0506,0.1147,-0.2224]
HID seg0s16 pos=127 sha=9dba5708f6404226 first8=[-0.0035,0.0010,0.0339,0.0038,-0.0030,-0.0058,-0.0049,-0.0049]
HID seg1s16 pos=127 sha=19462d91285b436a first8=[0.0307,0.0102,0.0698,0.0032,-0.0015,0.0078,0.0118,-0.0079]
HID seg2s16 pos=127 sha=c5d0220ae4f17b9e first8=[-0.0153,0.0895,0.1921,0.1318,-0.1809,0.1641,-0.1940,-0.4277]
HID seg0s16 pos=143 sha=564624b850447b69 first8=[0.0011,-0.0021,0.0253,-0.0049,-0.0021,-0.0020,0.0039,0.0008]
HID seg1s16 pos=143 sha=27845838b62802d3 first8=[-0.0037,0.0035,0.0783,-0.0003,0.0074,0.0126,0.0137,0.0033]
HID seg2s16 pos=143 sha=63ffcd2cee1ccf2e first8=[0.0137,-0.0068,0.0148,-0.1284,-0.2015,0.0050,0.0391,-0.2485]
HID seg0s16 pos=159 sha=5468493a57373750 first8=[-0.0055,-0.0029,0.0222,-0.0022,-0.0028,-0.0072,-0.0030,0.0027]
HID seg1s16 pos=159 sha=34a0f43152c1c171 first8=[0.0035,-0.0001,0.0652,-0.0021,0.0007,-0.0188,0.0018,-0.0136]
HID seg2s16 pos=159 sha=f3a25dadab9e7c80 first8=[0.2424,-0.1041,0.0723,0.0204,-0.1675,-0.0539,-0.0731,-0.1555]
HID seg0s16 pos=175 sha=411ead4a2c95831e first8=[-0.0025,-0.0026,0.0292,-0.0050,0.0002,-0.0040,-0.0072,0.0031]
HID seg1s16 pos=175 sha=85d80305398ce800 first8=[-0.0089,-0.0097,0.0653,0.0005,0.0094,-0.0119,-0.0026,0.0202]
HID seg2s16 pos=175 sha=d5a1fcd05c7d186a first8=[0.0725,0.1957,0.2104,0.2900,-0.2048,0.1379,0.0631,-0.2546]
HID seg0s16 pos=191 sha=278b988174a15b3e first8=[-0.0017,0.0026,0.0390,-0.0025,-0.0011,-0.0011,-0.0037,-0.0038]
HID seg1s16 pos=191 sha=3771a12fac9007cc first8=[-0.0103,-0.0243,0.0884,0.0284,0.0165,-0.0200,-0.0010,-0.0100]
HID seg2s16 pos=191 sha=7c86eab6ff2a5928 first8=[-0.0099,-0.0933,0.1514,0.0635,0.0411,-0.0883,0.0142,-0.3687]
HID seg0s16 pos=207 sha=71b9a3bf09a339c2 first8=[0.0020,-0.0014,0.0307,0.0059,-0.0021,0.0098,0.0076,-0.0005]
HID seg1s16 pos=207 sha=986c32eceb844264 first8=[-0.0070,-0.0107,0.0565,0.0039,0.0041,0.0270,-0.0068,0.0103]
HID seg2s16 pos=207 sha=06b198e7d8e9d0c3 first8=[-0.1726,0.0988,0.1356,-0.0388,0.1482,0.2583,-0.0104,-0.3376]
HID seg0s16 pos=223 sha=c35a1390f90d6134 first8=[-0.0047,0.0008,0.0322,-0.0024,-0.0025,0.0102,0.0053,-0.0127]
HID seg1s16 pos=223 sha=e3bdae598fd252e5 first8=[-0.0066,-0.0186,0.0832,-0.0157,0.0070,0.0040,0.0009,-0.0052]
HID seg2s16 pos=223 sha=0eabc0624aee3207 first8=[0.1149,-0.1272,-0.0190,0.0821,0.0231,0.0187,-0.0635,-0.0933]
HID seg0s16 pos=239 sha=b960532fd5e95bac first8=[-0.0093,-0.0014,0.0319,-0.0025,-0.0060,0.0057,-0.0011,0.0057]
HID seg1s16 pos=239 sha=a34ec4ac680f02a2 first8=[0.0052,-0.0083,0.0884,-0.0030,-0.0066,0.0335,-0.0008,0.0177]
HID seg2s16 pos=239 sha=68f76899dbe957bb first8=[0.1678,-0.0750,-0.0065,0.0247,0.0958,0.2566,-0.0408,0.1831]
HID seg0s16 pos=255 sha=f9e003e8083f11f9 first8=[-0.0069,-0.0031,0.0262,-0.0033,-0.0119,0.0110,0.0013,-0.0027]
HID seg1s16 pos=255 sha=26ef827ee38b9168 first8=[-0.0083,-0.0124,0.0793,0.0142,-0.0077,0.0293,-0.0070,0.0003]
HID seg2s16 pos=255 sha=d3838e49ba12542f first8=[-0.1053,0.1649,0.1091,0.2888,-0.0039,0.1121,0.0279,0.0667]
HID seg0s16 pos=271 sha=3bd9294283d0858e first8=[0.0024,-0.0024,0.0242,0.0031,-0.0021,0.0018,0.0007,0.0031]
HID seg1s16 pos=271 sha=ff9e2c039ef4e03c first8=[0.0042,0.0146,0.0555,0.0186,-0.0019,0.0018,-0.0022,-0.0188]
HID seg2s16 pos=271 sha=6cd691f5ccb16a04 first8=[-0.1913,0.0543,0.1765,0.0768,0.2737,0.1355,-0.0170,-0.2776]
HID seg0s16 pos=287 sha=92d4a2df574c4e4d first8=[-0.0006,-0.0049,0.0271,-0.0065,-0.0011,-0.0030,-0.0057,0.0074]
HID seg1s16 pos=287 sha=894b79d9e570441f first8=[0.0284,-0.0045,0.0647,0.0050,-0.0128,0.0076,-0.0076,-0.0023]
HID seg2s16 pos=287 sha=46049329e7e9fc19 first8=[-0.0404,0.0085,-0.0310,-0.0428,0.0092,-0.0643,0.1299,0.0440]
HID seg0s16 pos=303 sha=a8095c12bb5e3498 first8=[-0.0052,0.0036,0.0301,0.0030,0.0065,0.0001,-0.0022,0.0036]
HID seg1s16 pos=303 sha=e7a96f683468e156 first8=[0.0040,0.0011,0.0601,-0.0213,0.0014,0.0063,0.0062,-0.0017]
HID seg2s16 pos=303 sha=75b546d819bebb82 first8=[0.0363,0.2485,0.1642,0.1498,-0.0720,-0.1016,0.1881,-0.1300]
HID seg0s16 pos=319 sha=b770cf2965d1c26f first8=[-0.0016,-0.0078,0.0248,-0.0063,-0.0060,0.0120,-0.0015,-0.0063]
HID seg1s16 pos=319 sha=20c723634f50bcc1 first8=[-0.0073,0.0017,0.0595,0.0155,0.0061,0.0235,0.0045,-0.0199]
HID seg2s16 pos=319 sha=b521f3929c46ba97 first8=[0.2062,0.2903,0.0214,0.1288,0.1042,-0.0667,-0.1387,-0.2369]
HID seg0s16 pos=335 sha=934455d082632766 first8=[-0.0018,-0.0006,0.0218,-0.0003,-0.0021,0.0049,0.0004,-0.0066]
HID seg1s16 pos=335 sha=5d159d1cd0be1dfc first8=[0.0162,-0.0073,0.0418,-0.0089,0.0044,-0.0049,0.0226,-0.0183]
HID seg2s16 pos=335 sha=379dfc3ca238108b first8=[-0.0062,-0.0140,0.0839,0.0077,-0.0383,0.0577,0.2032,-0.2581]
HID seg0s16 pos=351 sha=331aad06e08d4ec6 first8=[-0.0026,-0.0027,0.0216,0.0054,-0.0069,0.0081,-0.0074,0.0021]
HID seg1s16 pos=351 sha=144697dda2881a8f first8=[-0.0108,0.0069,0.0687,0.0002,0.0042,0.0004,0.0157,-0.0190]
HID seg2s16 pos=351 sha=55f076a5917e63c6 first8=[0.1542,0.0186,0.0339,-0.0382,0.1512,0.0447,0.0408,-0.3069]
PROBE_JSON {"offset":6,"abs":{"2752":0.00089183452358672258,"4547":0.14998350549967959,"17550":0.0079488345840120558,"11683":0.0015652183338588465,"18171":0.00017020959743282738,"2243":0.00050027382759134536,"12447":0.82357146239264956,"794":2.6721489815881943e-05},"probs":{"2752":0.00090573018146170861,"17550":0.008072685234511736,"12447":0.83640351472337249,"4547":0.15232039583549306,"11683":0.0015896059729238678,"794":2.713783687418834e-05,"2243":0.00050806858521528376,"18171":0.00017286163014788037}}
PROBE_JSON {"offset":9,"probs":{"2752":0.20765607371376718,"17550":0.65992963745087274,"12447":0.069556072052714246,"4547":0.021886789144992404,"11683":0.0023431782150965326,"794":0.0066750935516349408,"2243":0.00060177793492638106,"18171":0.031351377935995677},"abs":{"2752":0.035945871712663571,"4547":0.0037886670047149948,"17550":0.11423574404999907,"11683":0.00040561097979665715,"18171":0.0054270149153254317,"2243":0.00010416951482089579,"12447":0.01204035884011751,"794":0.0011554781528222151}}
PROBE_JSON {"offset":12,"abs":{"2752":0.0016964474184992951,"4547":0.00032377265572478806,"17550":0.0033737885463456995,"11683":1.715932211751193e-05,"18171":5.626325116671976e-05,"2243":1.0571551681602395e-05,"12447":0.0004565926285001351,"794":2.1355121410879087e-05},"probs":{"2752":0.28483235711852239,"17550":0.56645678115104992,"12447":0.076661588918377266,"4547":0.054361206657495671,"11683":0.0028810384053108498,"794":0.0035855102266557177,"2243":0.0017749562709905708,"18171":0.0094465612515976152}}
PROBE_JSON {"offset":15,"probs":{"2752":0.17459844601900126,"17550":0.78249594722136862,"12447":0.025951742173301224,"4547":0.0054397806759333154,"11683":0.00014724811515044232,"794":0.0016079960963826202,"2243":6.1382146675466955e-05,"18171":0.0096974575521871168},"abs":{"2752":0.03465231513452182,"4547":0.0010796258417134429,"17550":0.15530090200029675,"11683":2.9224132319036726e-05,"18171":0.0019246411566885648,"2243":1.2182430821865621e-05,"12447":0.0051506068271720247,"794":0.00031913678922931236}}
SCORE_END {"ms":383063.41116700001,"row":11,"rss_bytes":2717682496}
SCORE_BEGIN {"candidateId":"cand-axis-ue-pos-01","candidateViewDigest":"sha256:b8edc7416ca491b72d42a75094d608b5dcc92896f781861f4bff97ea6496e353","probes":[{"axis":"evidence_sufficient","offset":342},{"offset":345,"axis":"still_needed"},{"offset":348,"axis":"full_content_needed"},{"offset":351,"axis":"unresolved_evidence"}],"requestId":"sdr-axis-ue-pos-01","row":12,"promptDigest":"sha256:a62447deb379f95057fbd40cb5b7d7d5fba8e328a96df270bf0876541ae4536e","axis":"","promptTokens":352}
HID seg0s16 pos=15 sha=824f3950336c7933 first8=[-0.0000,-0.0034,0.0422,0.0076,-0.0017,0.0047,-0.0046,0.0011]
HID seg1s16 pos=15 sha=c5e4345675fe6444 first8=[0.0133,-0.0024,0.1045,-0.0046,0.0230,-0.0026,-0.0098,-0.0167]
HID seg2s16 pos=15 sha=124e8fd37fc78520 first8=[0.2173,-0.0289,0.2795,0.0367,0.0547,-0.1001,-0.1349,-0.0943]
HID seg0s16 pos=31 sha=9f2bfff588c2b0c7 first8=[0.0011,0.0082,0.0348,0.0043,0.0003,0.0025,-0.0058,-0.0031]
HID seg1s16 pos=31 sha=d06474f1392975cf first8=[-0.0018,0.0163,0.1001,0.0272,0.0006,-0.0052,0.0063,-0.0265]
HID seg2s16 pos=31 sha=6e21185e0f817ff0 first8=[-0.0748,0.2581,0.1304,-0.0816,0.0231,0.1049,0.2242,-0.2725]
HID seg0s16 pos=47 sha=54c76ae43808fa39 first8=[0.0103,-0.0051,0.0342,0.0056,-0.0002,0.0140,-0.0040,-0.0044]
HID seg1s16 pos=47 sha=1b67bbd2a297514c first8=[0.0247,-0.0150,0.0952,0.0055,0.0016,0.0287,-0.0156,0.0025]
HID seg2s16 pos=47 sha=10cb287f23ad0dd4 first8=[-0.1117,-0.0383,0.1296,0.1467,0.0042,0.2192,0.0473,-0.2847]
HID seg0s16 pos=63 sha=0f2b2adadbdb84e8 first8=[0.0101,-0.0058,0.0340,-0.0023,0.0026,0.0072,-0.0019,-0.0027]
HID seg1s16 pos=63 sha=25db606888aba6cc first8=[0.0129,0.0072,0.1176,-0.0220,0.0010,0.0187,-0.0201,-0.0020]
HID seg2s16 pos=63 sha=b52025846e45cd3a first8=[0.0129,0.0963,0.1104,-0.0224,-0.0577,0.0187,0.1703,-0.0365]
HID seg0s16 pos=79 sha=a7275739ca41bb95 first8=[0.0020,-0.0136,0.0248,0.0029,-0.0009,0.0098,-0.0058,-0.0097]
HID seg1s16 pos=79 sha=405a4fddff602eaf first8=[0.0004,-0.0061,0.1203,-0.0059,-0.0134,0.0180,-0.0083,-0.0173]
HID seg2s16 pos=79 sha=3c8502831b3f1729 first8=[0.1542,0.0775,0.1053,-0.0077,-0.1949,0.1475,-0.0072,-0.2676]
HID seg0s16 pos=95 sha=e2f1f7792683aa8a first8=[-0.0047,-0.0078,0.0319,0.0045,-0.0007,0.0163,0.0016,-0.0008]
HID seg1s16 pos=95 sha=ddbc8d4507c33aed first8=[-0.0032,-0.0142,0.1091,-0.0208,0.0013,-0.0053,0.0043,-0.0020]
HID seg2s16 pos=95 sha=dfd1e95ebd21bf4d first8=[0.1630,0.1433,0.1550,0.0738,-0.1692,0.2487,0.1873,-0.2681]
HID seg0s16 pos=111 sha=99a8b699cc575796 first8=[0.0050,-0.0120,0.0258,-0.0013,0.0016,-0.0048,-0.0069,0.0031]
HID seg1s16 pos=111 sha=c93e1c22a4bc4b00 first8=[-0.0209,-0.0081,0.1104,-0.0035,-0.0003,0.0137,0.0068,0.0121]
HID seg2s16 pos=111 sha=8e567cabce657edf first8=[0.0599,0.0031,-0.0401,-0.1970,-0.0371,0.0441,0.0656,-0.1791]
HID seg0s16 pos=127 sha=b3f3acb699b57f15 first8=[-0.0051,-0.0012,0.0170,0.0000,0.0026,-0.0088,-0.0088,-0.0051]
HID seg1s16 pos=127 sha=0a35dd11d7dfdc2f first8=[0.0256,-0.0044,0.0757,-0.0076,0.0018,-0.0084,0.0093,-0.0208]
HID seg2s16 pos=127 sha=feed520a5e5d7dd3 first8=[0.2173,0.0578,0.1328,0.0793,-0.0037,0.1880,-0.0824,-0.3027]
HID seg0s16 pos=143 sha=54ab765e1a2f4a71 first8=[-0.0019,-0.0023,0.0229,0.0010,0.0067,-0.0002,-0.0070,-0.0005]
HID seg1s16 pos=143 sha=cb68d7d70978a946 first8=[-0.0161,-0.0051,0.0994,0.0041,0.0061,0.0064,0.0068,0.0154]
HID seg2s16 pos=143 sha=b910c4983fd1d4aa first8=[0.0590,0.0859,0.0048,-0.1637,-0.1583,0.0680,0.0853,-0.2324]
HID seg0s16 pos=159 sha=b4bd82eb72782729 first8=[-0.0037,-0.0054,0.0117,-0.0054,-0.0006,-0.0118,-0.0025,-0.0016]
HID seg1s16 pos=159 sha=99fe668b82bb237d first8=[-0.0004,0.0106,0.0892,-0.0018,-0.0002,-0.0101,-0.0226,-0.0100]
HID seg2s16 pos=159 sha=ff45e69d75636193 first8=[0.1862,-0.0058,0.1063,0.0316,-0.1021,0.0146,-0.0218,-0.2079]
HID seg0s16 pos=175 sha=1125c903d8357eed first8=[-0.0039,-0.0084,0.0077,-0.0051,-0.0012,-0.0040,-0.0090,0.0036]
HID seg1s16 pos=175 sha=f5113b83d5800fd4 first8=[-0.0064,-0.0144,0.0724,0.0002,-0.0074,-0.0201,-0.0230,0.0169]
HID seg2s16 pos=175 sha=a7671f24cf6705f1 first8=[0.1267,0.0952,0.2268,0.2159,-0.2142,0.0445,0.0329,-0.2039]
HID seg0s16 pos=191 sha=f7d44b20a1a93e9a first8=[0.0005,-0.0030,0.0294,-0.0004,-0.0084,-0.0079,-0.0083,-0.0134]
HID seg1s16 pos=191 sha=57f4edb271f6124b first8=[0.0086,-0.0201,0.0630,0.0051,-0.0013,-0.0051,-0.0043,-0.0112]
HID seg2s16 pos=191 sha=04b8bf5422e929a9 first8=[-0.0851,-0.0361,0.0500,0.0744,0.0528,0.1109,0.0745,-0.3245]
HID seg0s16 pos=207 sha=5db8a042b42aae81 first8=[0.0004,-0.0135,0.0232,0.0011,-0.0034,0.0119,0.0021,-0.0023]
HID seg1s16 pos=207 sha=cbe27d3c03843457 first8=[0.0143,-0.0046,0.0757,0.0166,0.0023,0.0337,0.0134,0.0036]
HID seg2s16 pos=207 sha=d28dd1e5660fc1b4 first8=[-0.0721,0.2842,0.2070,0.1527,0.0341,0.0505,-0.0428,-0.1858]
HID seg0s16 pos=223 sha=8b7733cf8d2b2fb6 first8=[-0.0018,0.0020,0.0250,-0.0029,0.0015,0.0022,0.0005,-0.0113]
HID seg1s16 pos=223 sha=0c1a7cdc94e859f3 first8=[0.0011,-0.0094,0.0996,-0.0155,-0.0004,0.0263,0.0056,-0.0129]
HID seg2s16 pos=223 sha=72ed0bb8f02d5186 first8=[-0.0056,-0.0819,0.0165,0.0075,0.0851,0.1361,-0.0549,-0.0232]
HID seg0s16 pos=239 sha=f79c8574d6ba1e76 first8=[-0.0072,0.0002,0.0170,-0.0032,-0.0008,0.0055,0.0052,0.0043]
HID seg1s16 pos=239 sha=afa0d4acf23898f7 first8=[-0.0029,-0.0188,0.0938,0.0007,-0.0110,0.0214,-0.0198,0.0223]
HID seg2s16 pos=239 sha=d63ed7703a6d6aaa first8=[0.1307,-0.0041,0.1018,0.0001,0.1545,0.2466,0.0057,0.0326]
HID seg0s16 pos=255 sha=717349f5c3f892c0 first8=[-0.0026,0.0001,0.0114,0.0063,-0.0075,0.0155,0.0034,0.0000]
HID seg1s16 pos=255 sha=087088981ea7b1fc first8=[-0.0212,-0.0039,0.0834,0.0155,-0.0009,0.0371,0.0073,-0.0143]
HID seg2s16 pos=255 sha=b90d88e1d38beb50 first8=[-0.2112,0.1120,-0.0040,0.0613,0.0487,0.3611,-0.1423,-0.0543]
HID seg0s16 pos=271 sha=c835ec70033111a4 first8=[0.0020,-0.0064,0.0138,0.0020,-0.0041,0.0023,0.0037,-0.0063]
HID seg1s16 pos=271 sha=da40a419e65ddf06 first8=[0.0339,0.0065,0.0773,0.0210,-0.0016,0.0036,-0.0090,-0.0067]
HID seg2s16 pos=271 sha=338e7256947f208a first8=[-0.0582,0.0972,0.1390,0.2495,0.1976,0.2520,-0.0605,-0.1284]
HID seg0s16 pos=287 sha=1bc7b11ad0581e1c first8=[-0.0062,-0.0046,0.0129,-0.0015,-0.0002,0.0061,-0.0099,0.0061]
HID seg1s16 pos=287 sha=e71be6bb876c867a first8=[0.0283,-0.0141,0.0699,0.0119,-0.0029,0.0332,-0.0100,-0.0072]
HID seg2s16 pos=287 sha=f6ef1300066ebbe0 first8=[-0.0031,0.0837,0.1492,-0.0780,0.0501,0.0184,0.2776,-0.0877]
HID seg0s16 pos=303 sha=f1764ee3b54e0eaf first8=[0.0002,0.0059,0.0237,0.0042,0.0072,0.0025,0.0039,0.0095]
HID seg1s16 pos=303 sha=76c1432f35c34e65 first8=[0.0175,0.0128,0.0742,-0.0173,0.0050,-0.0040,-0.0005,-0.0010]
HID seg2s16 pos=303 sha=55a76b19011ddd94 first8=[0.0986,0.2827,0.2878,0.2423,0.0415,-0.2019,0.1471,-0.1375]
HID seg0s16 pos=319 sha=a8c5216d6c8c722e first8=[0.0002,-0.0040,0.0157,0.0035,-0.0069,0.0158,-0.0005,-0.0022]
HID seg1s16 pos=319 sha=6c46b52beafda1e1 first8=[-0.0061,0.0071,0.0479,0.0279,0.0069,0.0100,0.0104,-0.0103]
HID seg2s16 pos=319 sha=d6e94127784d13bb first8=[0.1680,0.2451,-0.0016,-0.0468,0.1790,0.1432,-0.0166,0.0120]
HID seg0s16 pos=335 sha=8e520428c20e1932 first8=[-0.0029,-0.0022,0.0083,-0.0022,-0.0002,0.0059,0.0018,-0.0061]
HID seg1s16 pos=335 sha=cf857d4c489fb9d0 first8=[0.0110,0.0124,0.0491,-0.0011,0.0081,-0.0036,0.0071,0.0018]
HID seg2s16 pos=335 sha=5091cc5ab54f1ab5 first8=[0.0103,0.1061,0.0776,0.1192,-0.0452,-0.0023,0.0648,-0.1938]
HID seg0s16 pos=351 sha=9810f2f13439ae8f first8=[-0.0024,-0.0060,0.0155,0.0084,-0.0051,0.0090,-0.0062,0.0040]
HID seg1s16 pos=351 sha=264bc1a3e456c635 first8=[0.0113,0.0220,0.0587,0.0104,0.0102,-0.0005,0.0040,-0.0051]
HID seg2s16 pos=351 sha=eac6891d78f96579 first8=[0.1893,-0.0803,0.1221,-0.1326,-0.0826,0.1597,0.0631,-0.1190]
PROBE_JSON {"offset":6,"abs":{"2752":0.00038045265704797509,"4547":0.84280150494464046,"17550":0.00019130360988667055,"11683":8.02038757330425e-06,"18171":7.1743297277961883e-07,"2243":4.1609222589256278e-06,"12447":0.15590260222864241,"794":4.9308399044256745e-07},"probs":{"2752":0.00038072325409554915,"17550":0.00019143967462709649,"12447":0.15601348799350873,"4547":0.84340094772603302,"11683":8.026092075973718e-06,"794":4.9343469655421639e-07,"2243":4.163881715924001e-06,"18171":7.1794324716112219e-07}}
PROBE_JSON {"offset":9,"probs":{"2752":0.56046172963553009,"17550":0.30471775697578257,"12447":0.043898755063118633,"4547":0.090074396911500224,"11683":3.879887456648247e-05,"794":0.00025698462037097115,"2243":2.4279715294358991e-05,"18171":0.00052729820383661712},"abs":{"2752":0.2557152301871729,"4547":0.041097177420434644,"17550":0.13902995913361202,"11683":1.7702302612567797e-05,"18171":0.00024058410136058536,"2243":1.1077817908126505e-05,"12447":0.020029164637513662,"794":0.00011725132667927336}}
PROBE_JSON {"offset":12,"abs":{"2752":0.00012631109917609639,"4547":9.1499453350456628e-06,"17550":0.0001114691537849607,"11683":2.8285677777550381e-07,"18171":2.3869058528501534e-06,"2243":2.3267163877051468e-07,"12447":7.3521876247301065e-06,"794":1.4590862811244921e-06},"probs":{"2752":0.4883590759950347,"17550":0.4309753719146931,"12447":0.028425906973936026,"4547":0.035376612810551857,"11683":0.0010936146984264327,"794":0.0056412938585355581,"2243":0.00089958291283496572,"18171":0.0092285408359872503}}
PROBE_JSON {"offset":15,"probs":{"2752":0.2075067293290446,"17550":0.45323636645019616,"12447":0.22790155733596781,"4547":0.10681531014251518,"11683":0.00055615334057529159,"794":0.00070304369760094238,"2243":0.00020300519069245466,"18171":0.0030778345134075918},"abs":{"2752":0.00018063849029556034,"4547":9.298472597483754e-05,"17550":0.00039455073696807204,"11683":4.8414188850256028e-07,"18171":2.6793125296669516e-06,"2243":1.7671981668940793e-07,"12447":0.00019839256965925334,"794":6.1201269258628826e-07}}
SCORE_END {"ms":394537.09525000001,"row":12,"rss_bytes":2941733864}
SCORE_BEGIN {"candidateId":"cand-axis-ue-pos-02","candidateViewDigest":"sha256:e70c4e3ae1654acd740680cc3c5584af209341882ca8f3deab0f4b895b70d78c","probes":[{"axis":"evidence_sufficient","offset":342},{"offset":345,"axis":"still_needed"},{"offset":348,"axis":"full_content_needed"},{"offset":351,"axis":"unresolved_evidence"}],"requestId":"sdr-axis-ue-pos-02","row":13,"promptDigest":"sha256:213115119a793bee684fac2a1067fc59167a3e69c57c6f04d0dd343c71200f48","axis":"","promptTokens":352}
HID seg0s16 pos=15 sha=214be92064a5db7f first8=[0.0058,-0.0059,0.0361,0.0037,-0.0021,-0.0054,-0.0002,-0.0076]
HID seg1s16 pos=15 sha=5660c7f602afc884 first8=[-0.0116,-0.0000,0.1257,0.0136,0.0077,-0.0055,0.0030,-0.0093]
HID seg2s16 pos=15 sha=7f228abe22cd0784 first8=[-0.0400,0.0760,0.1049,0.0964,-0.0058,-0.0411,0.1083,-0.1293]
HID seg0s16 pos=31 sha=0da9b8b97af45c73 first8=[0.0046,0.0014,0.0377,0.0016,-0.0034,0.0058,-0.0016,-0.0078]
HID seg1s16 pos=31 sha=10e33c1a35941b31 first8=[-0.0025,-0.0013,0.1135,0.0090,0.0010,0.0253,0.0051,-0.0104]
HID seg2s16 pos=31 sha=51b3b87873cc62cb first8=[-0.0049,0.1508,0.1089,0.1938,-0.0872,0.1127,0.0848,-0.4148]
HID seg0s16 pos=47 sha=aea21a33a66a1ad6 first8=[0.0059,-0.0078,0.0381,0.0027,-0.0075,-0.0062,0.0031,-0.0018]
HID seg1s16 pos=47 sha=9b7f8bbd615ac098 first8=[-0.0055,-0.0146,0.0956,-0.0058,0.0014,-0.0021,-0.0121,-0.0029]
HID seg2s16 pos=47 sha=0e53bbc8e747b321 first8=[0.0452,0.0188,0.1285,0.2725,-0.0108,0.0479,-0.0818,-0.2583]
HID seg0s16 pos=63 sha=8dd002056acef94f first8=[-0.0004,0.0036,0.0262,0.0008,-0.0082,-0.0151,-0.0020,-0.0062]
HID seg1s16 pos=63 sha=140bee3e556610c5 first8=[0.0123,0.0001,0.0846,-0.0169,0.0238,0.0053,-0.0253,-0.0516]
HID seg2s16 pos=63 sha=2fc7781b3195869d first8=[-0.0852,0.1981,-0.0227,0.0329,-0.0814,-0.0741,-0.1393,-0.2798]
HID seg0s16 pos=79 sha=683c977461e7e71e first8=[0.0023,0.0029,0.0364,-0.0053,-0.0051,-0.0031,-0.0003,-0.0029]
HID seg1s16 pos=79 sha=3fa853900ffb9a3e first8=[0.0043,-0.0009,0.0981,0.0109,-0.0059,0.0062,0.0098,-0.0048]
HID seg2s16 pos=79 sha=2869c8698bcbb226 first8=[-0.0268,0.0760,0.0358,0.2349,-0.1147,-0.0105,0.0009,-0.0710]
HID seg0s16 pos=95 sha=61b88a9712a45fc8 first8=[0.0031,-0.0055,0.0393,0.0008,-0.0068,0.0072,-0.0035,-0.0021]
HID seg1s16 pos=95 sha=76c1e50581901819 first8=[-0.0047,-0.0120,0.0920,0.0045,0.0008,0.0108,0.0057,-0.0061]
HID seg2s16 pos=95 sha=744931a340c898fb first8=[0.3030,0.2056,-0.0426,-0.0522,0.0536,0.2225,-0.1820,0.0308]
HID seg0s16 pos=111 sha=8602684f59c212d7 first8=[0.0042,-0.0034,0.0327,-0.0059,-0.0036,-0.0079,0.0015,0.0028]
HID seg1s16 pos=111 sha=02b659dc5f591bf8 first8=[-0.0005,-0.0068,0.0965,0.0060,0.0197,0.0172,0.0077,-0.0093]
HID seg2s16 pos=111 sha=504ddf7e16328a54 first8=[0.1046,0.0691,0.0052,-0.0539,-0.2383,0.0759,0.1111,-0.2275]
HID seg0s16 pos=127 sha=932783d936244b10 first8=[-0.0043,-0.0006,0.0355,0.0042,-0.0039,-0.0038,-0.0045,-0.0052]
HID seg1s16 pos=127 sha=c21277ae35f14719 first8=[0.0161,0.0043,0.0586,0.0072,0.0016,0.0079,0.0080,-0.0133]
HID seg2s16 pos=127 sha=ee28eef1c66e4c96 first8=[-0.0399,0.0679,0.1279,0.2473,-0.2340,0.1647,-0.1345,-0.2988]
HID seg0s16 pos=143 sha=5d6959d085cc6129 first8=[0.0012,-0.0030,0.0261,-0.0038,0.0000,-0.0058,0.0010,0.0012]
HID seg1s16 pos=143 sha=49e2c72e23207f23 first8=[-0.0062,0.0078,0.0687,-0.0023,0.0052,0.0134,0.0126,-0.0052]
HID seg2s16 pos=143 sha=f10a30dd526f5579 first8=[0.0416,0.0872,0.0076,-0.1276,-0.2744,0.0465,0.1007,-0.2208]
HID seg0s16 pos=159 sha=7f8f5b7cfe0964bf first8=[-0.0057,-0.0022,0.0244,-0.0021,-0.0021,-0.0094,-0.0039,-0.0006]
HID seg1s16 pos=159 sha=bf3cadf3ff53727e first8=[0.0052,0.0174,0.0637,0.0019,0.0016,-0.0124,0.0136,-0.0136]
HID seg2s16 pos=159 sha=2c88dddc8563039a first8=[0.1342,-0.1537,0.0927,0.1042,-0.1688,-0.0777,0.0015,-0.0929]
HID seg0s16 pos=175 sha=e7e400d8caf48e10 first8=[-0.0047,-0.0026,0.0313,-0.0048,0.0003,-0.0038,-0.0080,0.0014]
HID seg1s16 pos=175 sha=38c108f4f7b1e7d6 first8=[-0.0047,-0.0116,0.0653,0.0053,0.0055,-0.0094,-0.0088,0.0234]
HID seg2s16 pos=175 sha=6c6a1df2bd453c5f first8=[0.1037,0.2050,0.2563,0.3538,-0.2717,0.1678,0.0663,-0.3086]
HID seg0s16 pos=191 sha=f6f31c9993cf52b5 first8=[-0.0011,0.0022,0.0392,-0.0021,-0.0028,-0.0022,-0.0054,-0.0019]
HID seg1s16 pos=191 sha=64e4d24efc1054ef first8=[-0.0036,-0.0299,0.0784,0.0234,0.0033,-0.0239,0.0035,-0.0030]
HID seg2s16 pos=191 sha=ba6971a1cc6e377b first8=[0.0026,-0.1455,0.1599,0.0438,0.0712,-0.1526,0.0567,-0.3894]
HID seg0s16 pos=207 sha=061e045035f0ce70 first8=[0.0019,-0.0006,0.0321,0.0053,-0.0028,0.0102,0.0087,-0.0004]
HID seg1s16 pos=207 sha=7155333e9b0f7855 first8=[-0.0033,-0.0078,0.0451,0.0010,0.0047,0.0314,-0.0129,0.0128]
HID seg2s16 pos=207 sha=9aac21f912967740 first8=[-0.1252,0.0305,0.1080,0.0080,0.2153,0.3042,0.0153,-0.3608]
HID seg0s16 pos=223 sha=9de202f67e051469 first8=[-0.0038,0.0018,0.0338,-0.0018,-0.0019,0.0104,0.0040,-0.0147]
HID seg1s16 pos=223 sha=da6c501636dc1ce1 first8=[-0.0052,-0.0196,0.0753,-0.0059,0.0076,0.0104,0.0007,-0.0031]
HID seg2s16 pos=223 sha=26df95130ebd2f20 first8=[0.1340,-0.1750,-0.0161,0.1576,0.0215,0.0035,-0.0952,-0.1095]
HID seg0s16 pos=239 sha=ac1463b8f49ec822 first8=[-0.0095,-0.0026,0.0343,-0.0008,-0.0063,0.0045,-0.0009,0.0055]
HID seg1s16 pos=239 sha=f6142b6ea35613d1 first8=[-0.0017,-0.0154,0.0851,-0.0039,-0.0103,0.0223,-0.0044,0.0069]
HID seg2s16 pos=239 sha=201a6e0f536c799b first8=[0.1843,0.0054,-0.0231,0.0634,-0.0041,0.2512,-0.0946,0.0982]
HID seg0s16 pos=255 sha=8872d7a80344c75b first8=[-0.0063,-0.0023,0.0269,-0.0002,-0.0128,0.0126,0.0017,-0.0046]
HID seg1s16 pos=255 sha=29a212b08769c1f1 first8=[-0.0152,-0.0062,0.0761,0.0069,-0.0081,0.0330,-0.0067,-0.0068]
HID seg2s16 pos=255 sha=159b00580953572a first8=[-0.1445,0.1866,0.1252,0.3313,0.0438,0.0854,-0.0263,0.0800]
HID seg0s16 pos=271 sha=0dbeb153a7679dac first8=[0.0029,-0.0030,0.0244,0.0038,-0.0040,0.0011,0.0016,0.0035]
HID seg1s16 pos=271 sha=4b10fd4999a601e9 first8=[0.0086,0.0146,0.0498,0.0212,-0.0045,-0.0032,0.0025,-0.0195]
HID seg2s16 pos=271 sha=daf687a2c8ff3733 first8=[-0.1962,-0.0039,0.1993,0.1063,0.2510,0.1365,-0.0139,-0.2991]
HID seg0s16 pos=287 sha=1d2d9c5094ff6cb0 first8=[-0.0019,-0.0061,0.0272,-0.0081,-0.0020,-0.0015,-0.0067,0.0088]
HID seg1s16 pos=287 sha=55d3dd827f770e71 first8=[0.0173,0.0006,0.0532,0.0044,-0.0120,0.0113,-0.0092,0.0041]
HID seg2s16 pos=287 sha=555fb41383497661 first8=[0.0324,-0.0274,-0.0063,-0.0298,0.0089,-0.1149,0.0927,0.1753]
HID seg0s16 pos=303 sha=c053a128968d564d first8=[-0.0065,0.0028,0.0303,0.0040,0.0057,0.0019,-0.0009,0.0026]
HID seg1s16 pos=303 sha=07953ed1d55d8b8a first8=[0.0044,0.0052,0.0657,-0.0184,-0.0017,0.0047,0.0006,-0.0069]
HID seg2s16 pos=303 sha=881b2623018c3a55 first8=[0.0564,0.2340,0.2096,0.1633,-0.0129,-0.1412,0.1813,-0.1663]
HID seg0s16 pos=319 sha=fd541c1808b84769 first8=[0.0016,-0.0056,0.0259,-0.0063,-0.0064,0.0131,-0.0005,-0.0040]
HID seg1s16 pos=319 sha=c7ae93f34cf637ba first8=[-0.0121,0.0136,0.0615,0.0115,0.0026,0.0325,0.0073,-0.0163]
HID seg2s16 pos=319 sha=4875ced38177b940 first8=[0.1708,0.2108,-0.0095,0.0651,0.1126,0.0560,-0.1317,-0.1864]
HID seg0s16 pos=335 sha=ccbfd1267345a6bf first8=[0.0006,-0.0007,0.0201,0.0010,-0.0024,0.0051,0.0008,-0.0062]
HID seg1s16 pos=335 sha=7046778556649339 first8=[0.0175,-0.0062,0.0437,-0.0025,0.0002,-0.0012,0.0227,-0.0113]
HID seg2s16 pos=335 sha=6f3604315df864ee first8=[-0.0576,-0.0040,0.0773,0.0365,-0.0013,0.0737,0.1810,-0.2993]
HID seg0s16 pos=351 sha=74c4760be73376c3 first8=[-0.0025,-0.0031,0.0220,0.0052,-0.0059,0.0081,-0.0050,0.0014]
HID seg1s16 pos=351 sha=297cc0b4af23d35f first8=[0.0046,0.0100,0.0636,0.0083,0.0107,-0.0033,0.0164,-0.0261]
HID seg2s16 pos=351 sha=640b44ab2a8174b1 first8=[0.1371,0.0052,0.0778,0.0515,0.1188,0.0076,0.0789,-0.3364]
PROBE_JSON {"offset":6,"abs":{"2752":0.00083981995368098347,"4547":0.34956245680916453,"17550":0.0032193589279132695,"11683":0.00041574102402698414,"18171":4.1163935785579104e-05,"2243":0.00014367625337060751,"12447":0.64294375589828212,"794":1.1341856846889367e-05},"probs":{"2752":0.00084219721140378428,"17550":0.0032284718881856532,"12447":0.64476372100191714,"4547":0.35055195467285361,"11683":0.0004169178519360156,"794":1.1373961962589454e-05,"2243":0.00014408295421334329,"18171":4.1280457527909986e-05}}
PROBE_JSON {"offset":9,"probs":{"2752":0.21108396681658378,"17550":0.60132226250356069,"12447":0.12604399356820795,"4547":0.052542953727188091,"11683":0.00089003543834295347,"794":0.0015140012812971228,"2243":0.00032742573968038541,"18171":0.0062753609251389722},"abs":{"2752":0.055350965482738927,"4547":0.013777944682278191,"17550":0.15768022696275258,"11683":0.00023338731770633365,"18171":0.0016455408300191494,"2243":8.5858396014307884e-05,"12447":0.033051571099962505,"794":0.00039700520094317136}}
PROBE_JSON {"offset":12,"abs":{"2752":0.0046854389201198103,"4547":0.00077692193575960898,"17550":0.02132936149765078,"11683":3.9908521660480605e-05,"18171":0.00014148799557271184,"2243":1.2956400025699171e-05,"12447":0.0023194604583144296,"794":2.3097280343350743e-05},"probs":{"2752":0.15975647138448665,"17550":0.72725385771578599,"12447":0.079085188101583923,"4547":0.026490219830885373,"11683":0.0013607358258949846,"794":0.00078753347746930485,"2243":0.00044176624329970852,"18171":0.0048242274205939966}}
PROBE_JSON {"offset":15,"probs":{"2752":0.30607793617586915,"17550":0.66853567636810429,"12447":0.016221536337427324,"4547":0.0060615452717196839,"11683":6.3754039191041376e-05,"794":0.00066954276685646176,"2243":3.3075159815142488e-05,"18171":0.0023369338810169667},"abs":{"2752":0.062959574642964075,"4547":0.0012468468546104527,"17550":0.13751635398376852,"11683":1.3114069048519938e-05,"18171":0.00048070228437837719,"2243":6.8034893962853479e-06,"12447":0.0033367352139782491,"794":0.00013772351033605629}}
SCORE_END {"ms":383145.08000000002,"row":13,"rss_bytes":3165736080}
SCORE_BEGIN {"candidateId":"cand-axis-ue-neg-01","candidateViewDigest":"sha256:7cdd8f91dd32f353dc48f2b6bc288e479f84aac574d7843c1b4beb854210d4b9","probes":[{"axis":"evidence_sufficient","offset":342},{"offset":345,"axis":"still_needed"},{"offset":348,"axis":"full_content_needed"},{"offset":351,"axis":"unresolved_evidence"}],"requestId":"sdr-axis-ue-neg-01","row":14,"promptDigest":"sha256:402bef449d454a57d5a434818b8aa9ac32f4298dec4b35c4b4f9952ed163bf0a","axis":"","promptTokens":352}
HID seg0s16 pos=15 sha=3378010d1979bb2c first8=[0.0065,-0.0041,0.0453,-0.0000,0.0009,-0.0145,-0.0064,-0.0048]
HID seg1s16 pos=15 sha=33783001c638175e first8=[0.0074,-0.0018,0.1719,-0.0005,0.0045,-0.0159,-0.0085,-0.0296]
HID seg2s16 pos=15 sha=f36dc8af5d7d8a26 first8=[-0.0663,0.0079,0.2064,0.1449,0.1399,-0.0438,0.0773,-0.3635]
HID seg0s16 pos=31 sha=8611e6ccef2211b2 first8=[0.0008,0.0085,0.0349,0.0152,0.0036,-0.0015,-0.0054,-0.0107]
HID seg1s16 pos=31 sha=c843dba8acdfb4e9 first8=[-0.0195,0.0054,0.1002,0.0138,-0.0041,0.0061,0.0123,-0.0248]
HID seg2s16 pos=31 sha=5ad38bc89222e09e first8=[-0.1830,0.1180,0.1005,-0.0369,0.1135,-0.0806,0.1672,-0.2412]
HID seg0s16 pos=47 sha=996f2fd4a200553f first8=[0.0061,-0.0069,0.0402,-0.0032,-0.0056,-0.0077,0.0018,0.0031]
HID seg1s16 pos=47 sha=9db81f2a6661c455 first8=[-0.0241,-0.0092,0.1242,-0.0060,0.0044,-0.0118,0.0088,-0.0054]
HID seg2s16 pos=47 sha=5c5b3f76c9ebe2b9 first8=[0.0132,0.1199,-0.0116,-0.0363,-0.0618,-0.0106,-0.0263,-0.0247]
HID seg0s16 pos=63 sha=d66d3ba3b10b9840 first8=[0.0034,-0.0094,0.0407,0.0053,-0.0070,-0.0077,-0.0016,0.0068]
HID seg1s16 pos=63 sha=678c76d064b51fc4 first8=[0.0033,-0.0091,0.1044,0.0098,0.0064,0.0143,-0.0053,0.0216]
HID seg2s16 pos=63 sha=b7c3dd2827d716fb first8=[0.1311,0.1375,0.0557,0.0479,-0.0983,0.1746,0.0187,-0.0344]
HID seg0s16 pos=79 sha=5e9df3b59a6bb214 first8=[0.0030,-0.0118,0.0392,0.0112,-0.0044,0.0117,-0.0071,-0.0057]
HID seg1s16 pos=79 sha=725bc10f8f34bce9 first8=[0.0025,-0.0020,0.1182,-0.0049,0.0000,0.0291,0.0086,-0.0121]
HID seg2s16 pos=79 sha=476b0b100e76bb85 first8=[0.0460,0.1001,0.1722,-0.0426,-0.2043,0.2629,0.0025,-0.1666]
HID seg0s16 pos=95 sha=7886ad81c568df1a first8=[-0.0014,-0.0043,0.0460,0.0068,-0.0042,0.0139,0.0045,0.0049]
HID seg1s16 pos=95 sha=11378708212cfa99 first8=[-0.0014,-0.0124,0.1171,-0.0086,0.0044,0.0247,0.0154,0.0068]
HID seg2s16 pos=95 sha=60196ca22b1f4e77 first8=[0.0938,0.0854,0.1006,0.0024,-0.0767,0.2383,0.1311,-0.2925]
HID seg0s16 pos=111 sha=06bb2ee3772bd785 first8=[0.0038,-0.0065,0.0331,-0.0027,-0.0005,-0.0034,0.0036,0.0000]
HID seg1s16 pos=111 sha=008e1683c4e1f4e4 first8=[0.0001,0.0029,0.0972,0.0096,0.0016,0.0105,0.0051,-0.0078]
HID seg2s16 pos=111 sha=323f774673efbd7c first8=[0.0353,0.0442,0.0141,-0.1560,-0.1658,0.0684,0.0861,-0.2651]
HID seg0s16 pos=127 sha=db9c84ed18cde5ef first8=[-0.0056,0.0017,0.0347,0.0046,-0.0024,-0.0035,-0.0061,-0.0057]
HID seg1s16 pos=127 sha=dcaf31e5f6ce48ef first8=[0.0207,-0.0018,0.0655,0.0016,-0.0055,0.0059,0.0058,-0.0197]
HID seg2s16 pos=127 sha=6e5e6451fd00f9a5 first8=[-0.0312,0.0646,0.1925,0.0989,-0.0751,0.0182,-0.0507,-0.3857]
HID seg0s16 pos=143 sha=d104bc49e5547b05 first8=[0.0007,-0.0036,0.0238,-0.0008,0.0013,-0.0047,0.0018,0.0014]
HID seg1s16 pos=143 sha=b9a68d86c5fae29f first8=[-0.0100,-0.0022,0.0952,0.0041,0.0007,0.0042,0.0043,-0.0000]
HID seg2s16 pos=143 sha=e1fad2c6b1f6d723 first8=[0.0132,-0.0177,-0.0133,-0.1731,-0.1465,0.0151,0.0703,-0.2443]
HID seg0s16 pos=159 sha=aa492068e66f87d7 first8=[-0.0045,-0.0011,0.0227,-0.0039,-0.0017,-0.0084,-0.0040,0.0001]
HID seg1s16 pos=159 sha=b85ed8d2c33ac437 first8=[0.0007,0.0057,0.0873,0.0069,0.0026,-0.0244,-0.0006,-0.0176]
HID seg2s16 pos=159 sha=bfd0c98091baee8b first8=[0.1379,-0.1700,0.1175,0.1281,-0.1666,-0.0801,-0.0427,-0.1781]
HID seg0s16 pos=175 sha=8427886f760da540 first8=[-0.0033,-0.0010,0.0295,-0.0030,-0.0017,-0.0032,-0.0060,0.0030]
HID seg1s16 pos=175 sha=7cc64424523b6427 first8=[-0.0128,-0.0146,0.0766,0.0011,0.0078,-0.0134,-0.0054,0.0190]
HID seg2s16 pos=175 sha=431312516c320fd1 first8=[0.0620,0.0944,0.2153,0.3196,-0.1971,0.0130,0.0455,-0.2295]
HID seg0s16 pos=191 sha=a06a49d6ca8b081d first8=[-0.0001,0.0026,0.0401,-0.0023,-0.0040,-0.0040,-0.0029,-0.0005]
HID seg1s16 pos=191 sha=f468fad4c727eec3 first8=[-0.0028,-0.0245,0.0853,0.0252,0.0100,-0.0161,0.0037,-0.0079]
HID seg2s16 pos=191 sha=2b615b4fc1df98f9 first8=[-0.0468,-0.0919,0.1880,-0.0307,0.0768,-0.1876,-0.0229,-0.3586]
HID seg0s16 pos=207 sha=03234e1febcc9756 first8=[0.0043,-0.0014,0.0313,0.0051,-0.0016,0.0121,0.0072,-0.0004]
HID seg1s16 pos=207 sha=56574d1251ba69da first8=[0.0029,0.0000,0.0546,0.0020,0.0027,0.0293,-0.0140,0.0132]
HID seg2s16 pos=207 sha=628b3661274ea5df first8=[-0.1527,0.1400,0.1586,0.0100,0.2095,0.2805,0.0349,-0.3259]
HID seg0s16 pos=223 sha=ff27604daf219df5 first8=[-0.0059,0.0018,0.0344,-0.0021,-0.0030,0.0109,0.0050,-0.0163]
HID seg1s16 pos=223 sha=8cbba66c32b67939 first8=[-0.0084,-0.0180,0.0803,-0.0130,0.0053,0.0119,-0.0020,-0.0037]
HID seg2s16 pos=223 sha=bbac1ed4e168e8f3 first8=[0.1090,-0.1340,-0.0022,0.1022,-0.0179,0.1093,-0.1219,-0.0866]
HID seg0s16 pos=239 sha=ecc073acda600c43 first8=[-0.0098,-0.0016,0.0335,-0.0033,-0.0063,0.0044,-0.0011,0.0065]
HID seg1s16 pos=239 sha=25ce838152c9d10d first8=[0.0024,-0.0141,0.0858,-0.0077,-0.0062,0.0206,0.0029,0.0139]
HID seg2s16 pos=239 sha=9b503ac957b419bb first8=[0.1118,0.0551,0.0391,0.0189,0.0623,0.2576,0.0044,0.0922]
HID seg0s16 pos=255 sha=03598a17e8476c8d first8=[-0.0069,-0.0036,0.0269,-0.0035,-0.0131,0.0140,0.0021,-0.0046]
HID seg1s16 pos=255 sha=bdf6b95798772f35 first8=[-0.0107,-0.0105,0.0761,0.0062,-0.0060,0.0323,-0.0054,-0.0092]
HID seg2s16 pos=255 sha=3402e0e77eb5ed9c first8=[-0.1305,0.1395,0.1573,0.3123,0.0050,0.0814,-0.0297,0.0311]
HID seg0s16 pos=271 sha=790ce5e7b7c8c7cf first8=[0.0037,-0.0017,0.0243,0.0039,-0.0029,0.0013,0.0016,0.0025]
HID seg1s16 pos=271 sha=a5e27a6fcf54d70f first8=[0.0062,0.0083,0.0534,0.0165,-0.0049,-0.0022,0.0010,-0.0190]
HID seg2s16 pos=271 sha=8777bf8f00fd3155 first8=[-0.1776,0.0158,0.2085,0.1160,0.2686,0.1292,0.0001,-0.3296]
HID seg0s16 pos=287 sha=2d30a4d13c05e482 first8=[-0.0019,-0.0063,0.0268,-0.0070,-0.0002,-0.0010,-0.0067,0.0060]
HID seg1s16 pos=287 sha=d08029982bb5530f first8=[0.0265,-0.0009,0.0598,0.0045,-0.0024,0.0210,-0.0137,0.0016]
HID seg2s16 pos=287 sha=68ea546bc80b24a4 first8=[-0.0645,-0.0042,-0.0004,-0.0718,0.0127,-0.0571,0.1070,0.1399]
HID seg0s16 pos=303 sha=b7d3cfe48d82c49d first8=[-0.0074,0.0029,0.0318,0.0038,0.0041,0.0020,-0.0006,0.0022]
HID seg1s16 pos=303 sha=e65f4487da5be8b2 first8=[0.0033,0.0060,0.0716,-0.0200,-0.0033,0.0061,0.0028,-0.0013]
HID seg2s16 pos=303 sha=ef25446955bb48d1 first8=[0.0347,0.2372,0.1887,0.1482,-0.0083,-0.1278,0.1584,-0.1851]
HID seg0s16 pos=319 sha=1cfab09838952854 first8=[0.0014,-0.0074,0.0253,-0.0068,-0.0069,0.0140,-0.0005,-0.0043]
HID seg1s16 pos=319 sha=eefc121e9ace5ada first8=[-0.0130,0.0005,0.0580,0.0092,-0.0020,0.0272,0.0096,-0.0181]
HID seg2s16 pos=319 sha=8550836b0dc9435c first8=[0.1786,0.2152,0.0336,0.2344,0.0558,-0.0245,-0.1431,-0.2561]
HID seg0s16 pos=335 sha=7be9c3ccf9368f56 first8=[0.0003,-0.0009,0.0216,0.0004,-0.0024,0.0035,0.0009,-0.0066]
HID seg1s16 pos=335 sha=71474b7f514c37d3 first8=[0.0139,-0.0125,0.0468,-0.0085,0.0024,-0.0024,0.0176,-0.0127]
HID seg2s16 pos=335 sha=3d201187e083f726 first8=[-0.0559,0.0054,0.1024,0.0088,-0.0293,-0.0004,0.1354,-0.2573]
HID seg0s16 pos=351 sha=df8b8c121fa2da7e first8=[-0.0028,-0.0049,0.0228,0.0045,-0.0058,0.0090,-0.0077,-0.0011]
HID seg1s16 pos=351 sha=23149cb5c21d2aea first8=[-0.0105,0.0037,0.0786,0.0102,0.0019,0.0088,0.0114,-0.0270]
HID seg2s16 pos=351 sha=498d53895077d957 first8=[0.1642,-0.0908,0.0174,0.0021,0.0612,0.0690,0.0863,-0.3726]
PROBE_JSON {"offset":6,"abs":{"2752":0.001122083194823705,"4547":0.23484763755306817,"17550":0.0063570342330558039,"11683":0.0006596386809570897,"18171":7.6358719694865027e-05,"2243":0.0002837070614385242,"12447":0.74634424861667392,"794":1.9764348462837516e-05},"probs":{"2752":0.0011337489357806218,"17550":0.0064231251565801811,"12447":0.75410361860743014,"4547":0.23728923164936727,"11683":0.00066649661628016236,"794":1.9969828564859655e-05,"2243":0.00028665662266683393,"18171":7.7152583329817754e-05}}
PROBE_JSON {"offset":9,"probs":{"2752":0.23756951245854915,"17550":0.57887424739708981,"12447":0.11398709778752802,"4547":0.049025239860530506,"11683":0.0019921416472410318,"794":0.0032335650676720935,"2243":0.00059814939290934088,"18171":0.014720046388480098},"abs":{"2752":0.041427377058794228,"4547":0.0085490224569719983,"17550":0.10094410460487514,"11683":0.00034738970636723118,"18171":0.0025668820285385174,"2243":0.00010430530492361754,"12447":0.019877072739733364,"794":0.00056386915103835201}}
PROBE_JSON {"offset":12,"abs":{"2752":0.00021895122026258782,"4547":5.3656304106015688e-05,"17550":0.00092181906873010856,"11683":7.4337947843226505e-06,"18171":2.7404958563164744e-05,"2243":3.0035246022844076e-06,"12447":0.0001370161725237402,"794":6.2598828224578032e-06},"probs":{"2752":0.15917416876849041,"17550":0.67014828163134321,"12447":0.099608649557423809,"4547":0.03900730763236461,"11683":0.0054042544461319099,"794":0.0045508385094080667,"2243":0.0021835161794072971,"18171":0.019922983275430659}}
PROBE_JSON {"offset":15,"probs":{"2752":0.2171093687251178,"17550":0.70083762716729892,"12447":0.054893845033882456,"4547":0.017273114713894918,"11683":0.0002995313267450412,"794":0.0019995081591968533,"2243":0.00021574432130465733,"18171":0.0073712605525594272},"abs":{"2752":0.016449654546300211,"4547":0.0013087264342882053,"17550":0.053100135326481897,"11683":2.2694492087944913e-05,"18171":0.00055849588791303227,"2243":1.6346229444759232e-05,"12447":0.0041591240066142562,"794":0.00015149608086669194}}
SCORE_END {"ms":385810.31754199998,"row":14,"rss_bytes":3389721912}
SCORE_BEGIN {"candidateId":"cand-axis-ue-neg-02","candidateViewDigest":"sha256:0040c962033b621d3ea08c473d1bad269165e9019c19c0cf350c4f24c3764763","probes":[{"axis":"evidence_sufficient","offset":342},{"offset":345,"axis":"still_needed"},{"offset":348,"axis":"full_content_needed"},{"offset":351,"axis":"unresolved_evidence"}],"requestId":"sdr-axis-ue-neg-02","row":15,"promptDigest":"sha256:b4b52bbd09e27620c744c9732793fdc0abe650c53f39e4aa5830d36fe354d3c0","axis":"","promptTokens":352}
HID seg0s16 pos=15 sha=3378010d1979bb2c first8=[0.0065,-0.0041,0.0453,-0.0000,0.0009,-0.0145,-0.0064,-0.0048]
HID seg1s16 pos=15 sha=33783001c638175e first8=[0.0074,-0.0018,0.1719,-0.0005,0.0045,-0.0159,-0.0085,-0.0296]
HID seg2s16 pos=15 sha=f36dc8af5d7d8a26 first8=[-0.0663,0.0079,0.2064,0.1449,0.1399,-0.0438,0.0773,-0.3635]
HID seg0s16 pos=31 sha=8611e6ccef2211b2 first8=[0.0008,0.0085,0.0349,0.0152,0.0036,-0.0015,-0.0054,-0.0107]
HID seg1s16 pos=31 sha=c843dba8acdfb4e9 first8=[-0.0195,0.0054,0.1002,0.0138,-0.0041,0.0061,0.0123,-0.0248]
HID seg2s16 pos=31 sha=5ad38bc89222e09e first8=[-0.1830,0.1180,0.1005,-0.0369,0.1135,-0.0806,0.1672,-0.2412]
HID seg0s16 pos=47 sha=996f2fd4a200553f first8=[0.0061,-0.0069,0.0402,-0.0032,-0.0056,-0.0077,0.0018,0.0031]
HID seg1s16 pos=47 sha=9db81f2a6661c455 first8=[-0.0241,-0.0092,0.1242,-0.0060,0.0044,-0.0118,0.0088,-0.0054]
HID seg2s16 pos=47 sha=5c5b3f76c9ebe2b9 first8=[0.0132,0.1199,-0.0116,-0.0363,-0.0618,-0.0106,-0.0263,-0.0247]
HID seg0s16 pos=63 sha=d66d3ba3b10b9840 first8=[0.0034,-0.0094,0.0407,0.0053,-0.0070,-0.0077,-0.0016,0.0068]
HID seg1s16 pos=63 sha=678c76d064b51fc4 first8=[0.0033,-0.0091,0.1044,0.0098,0.0064,0.0143,-0.0053,0.0216]
HID seg2s16 pos=63 sha=b7c3dd2827d716fb first8=[0.1311,0.1375,0.0557,0.0479,-0.0983,0.1746,0.0187,-0.0344]
HID seg0s16 pos=79 sha=b8a251ffa534e6d7 first8=[0.0038,-0.0113,0.0400,0.0096,-0.0051,0.0105,-0.0056,-0.0065]
HID seg1s16 pos=79 sha=cf5150f4660a5a6e first8=[0.0068,-0.0051,0.1136,-0.0072,0.0031,0.0311,0.0074,-0.0137]
HID seg2s16 pos=79 sha=44883cc1573fc232 first8=[0.0325,0.1272,0.1744,0.0163,-0.1700,0.2446,0.0462,-0.1742]
HID seg0s16 pos=95 sha=f4e68f2a13ba22ee first8=[-0.0000,-0.0052,0.0449,0.0067,-0.0053,0.0132,0.0028,0.0043]
HID seg1s16 pos=95 sha=b9189e2480534ca0 first8=[-0.0029,-0.0126,0.1188,-0.0047,0.0081,0.0238,0.0183,-0.0018]
HID seg2s16 pos=95 sha=644d8ba02160f44d first8=[0.1305,0.0425,0.1052,0.0123,-0.0754,0.2512,0.1177,-0.3000]
HID seg0s16 pos=111 sha=61e52fb2592150ed first8=[0.0035,-0.0070,0.0339,-0.0028,0.0009,-0.0049,0.0026,0.0008]
HID seg1s16 pos=111 sha=8b749701b0321953 first8=[0.0013,0.0031,0.0985,0.0104,0.0041,0.0111,0.0073,-0.0115]
HID seg2s16 pos=111 sha=2ee6007908f30feb first8=[0.0563,0.0037,0.0114,-0.1619,-0.1399,0.0663,0.0699,-0.2573]
HID seg0s16 pos=127 sha=8c14b1c9aeac4be5 first8=[-0.0034,0.0004,0.0337,0.0044,-0.0037,-0.0066,-0.0056,-0.0089]
HID seg1s16 pos=127 sha=661a61b18b6f5149 first8=[0.0179,0.0037,0.0698,-0.0008,0.0018,-0.0018,0.0073,-0.0189]
HID seg2s16 pos=127 sha=6e73bb8a3f58eece first8=[-0.0112,0.0445,0.2236,0.0875,-0.0650,0.0122,-0.0982,-0.3599]
HID seg0s16 pos=143 sha=c23b8ec0d5b01809 first8=[0.0031,-0.0025,0.0244,-0.0023,-0.0006,-0.0051,0.0018,0.0028]
HID seg1s16 pos=143 sha=a522baf8e71fe8d2 first8=[-0.0037,-0.0001,0.0957,0.0049,0.0017,0.0021,0.0100,-0.0013]
HID seg2s16 pos=143 sha=7b1a4be99a46e773 first8=[0.0158,0.0032,0.0031,-0.1160,-0.1874,0.0041,0.0724,-0.2739]
HID seg0s16 pos=159 sha=b06761effe56c146 first8=[-0.0054,-0.0014,0.0220,-0.0038,-0.0009,-0.0067,-0.0031,0.0003]
HID seg1s16 pos=159 sha=3799d97efd8c24c3 first8=[0.0113,0.0118,0.0826,0.0101,0.0032,-0.0175,-0.0042,-0.0179]
HID seg2s16 pos=159 sha=427411c41f220ce5 first8=[0.1782,-0.1274,0.0878,0.0765,-0.1486,-0.0665,-0.0519,-0.2018]
HID seg0s16 pos=175 sha=f9485d868deea674 first8=[-0.0027,-0.0032,0.0310,-0.0033,-0.0011,-0.0053,-0.0063,0.0020]
HID seg1s16 pos=175 sha=438b649b4e54f657 first8=[-0.0048,-0.0156,0.0790,0.0005,0.0097,-0.0119,-0.0058,0.0160]
HID seg2s16 pos=175 sha=0d0aa18fcfec2e70 first8=[0.0668,0.1106,0.2166,0.2893,-0.2006,0.0103,0.0503,-0.2261]
HID seg0s16 pos=191 sha=0b422bbed7ea9b87 first8=[-0.0023,0.0016,0.0403,-0.0059,-0.0045,-0.0013,-0.0052,-0.0024]
HID seg1s16 pos=191 sha=a49cf31c97f808ef first8=[-0.0042,-0.0187,0.0813,0.0284,0.0115,-0.0146,0.0065,-0.0027]
HID seg2s16 pos=191 sha=41e3a76800ef75c4 first8=[-0.0298,-0.0872,0.1744,-0.0065,0.0651,-0.1735,-0.0135,-0.3706]
HID seg0s16 pos=207 sha=4ee29e87b60558ee first8=[0.0016,-0.0013,0.0321,0.0052,-0.0028,0.0112,0.0083,-0.0005]
HID seg1s16 pos=207 sha=37225ffb94254b67 first8=[-0.0032,-0.0019,0.0550,0.0012,0.0029,0.0346,-0.0128,0.0146]
HID seg2s16 pos=207 sha=2a8dcba38f76217f first8=[-0.1583,0.1293,0.1573,-0.0167,0.1920,0.2465,0.0559,-0.3689]
HID seg0s16 pos=223 sha=c0b99edd885c2f44 first8=[-0.0051,0.0011,0.0342,-0.0032,-0.0029,0.0097,0.0062,-0.0148]
HID seg1s16 pos=223 sha=9b4499fed7b2f36f first8=[-0.0087,-0.0169,0.0874,-0.0102,0.0031,0.0102,0.0015,-0.0063]
HID seg2s16 pos=223 sha=199992e80c6a8bd4 first8=[0.1175,-0.1377,0.0234,0.1188,0.0151,0.0796,-0.1232,-0.0938]
HID seg0s16 pos=239 sha=2e3f4278700ca296 first8=[-0.0083,-0.0020,0.0340,-0.0040,-0.0042,0.0075,-0.0020,0.0066]
HID seg1s16 pos=239 sha=f79c60b7d96c4510 first8=[0.0088,-0.0135,0.0931,-0.0001,-0.0080,0.0271,0.0031,0.0154]
HID seg2s16 pos=239 sha=cca8c1831bd50efb first8=[0.1748,0.0466,0.0587,0.0305,0.0652,0.2949,-0.0114,0.1276]
HID seg0s16 pos=255 sha=7ab9b4fa92879254 first8=[-0.0068,-0.0043,0.0264,-0.0036,-0.0119,0.0127,0.0025,-0.0036]
HID seg1s16 pos=255 sha=71bb6abd7fc26d62 first8=[-0.0103,0.0018,0.0723,0.0082,-0.0066,0.0296,-0.0051,-0.0164]
HID seg2s16 pos=255 sha=57e467bca18f33dd first8=[-0.1644,0.1404,0.2214,0.2971,-0.0022,0.0865,0.0227,-0.0995]
HID seg0s16 pos=271 sha=6f1303836aeec64f first8=[0.0038,-0.0041,0.0234,0.0049,-0.0042,0.0011,0.0018,0.0031]
HID seg1s16 pos=271 sha=93aad28565cf6b30 first8=[0.0070,0.0057,0.0555,0.0199,-0.0007,-0.0005,0.0006,-0.0199]
HID seg2s16 pos=271 sha=50c3b676539dd945 first8=[-0.1989,0.0392,0.2192,0.1066,0.2646,0.1249,-0.0177,-0.3113]
HID seg0s16 pos=287 sha=5f4bef4b482eb3c0 first8=[-0.0018,-0.0061,0.0273,-0.0065,-0.0001,0.0017,-0.0066,0.0062]
HID seg1s16 pos=287 sha=4f4d24266f230f43 first8=[0.0291,-0.0067,0.0624,0.0034,-0.0038,0.0175,-0.0132,0.0035]
HID seg2s16 pos=287 sha=b738b41c31299cc1 first8=[0.0261,-0.0327,0.0106,-0.0525,-0.0174,-0.0920,0.1000,0.1753]
HID seg0s16 pos=303 sha=9b2b1d150b8c2885 first8=[-0.0079,0.0019,0.0318,0.0048,0.0052,0.0005,-0.0007,0.0040]
HID seg1s16 pos=303 sha=378f327fc46e3325 first8=[-0.0040,0.0068,0.0660,-0.0211,-0.0034,0.0067,0.0015,-0.0028]
HID seg2s16 pos=303 sha=44f7091c2b576fc2 first8=[0.0016,0.2323,0.2092,0.1175,-0.0289,-0.0814,0.1754,-0.1768]
HID seg0s16 pos=319 sha=981b92d9eb2100d4 first8=[0.0030,-0.0078,0.0244,-0.0057,-0.0062,0.0132,-0.0034,-0.0060]
HID seg1s16 pos=319 sha=8c6b3f7acf58604c first8=[0.0002,0.0014,0.0620,0.0148,0.0032,0.0227,-0.0055,-0.0103]
HID seg2s16 pos=319 sha=95ea5b5b133db140 first8=[0.1617,0.2183,-0.0197,0.0251,0.0092,0.0040,-0.1281,-0.0888]
HID seg0s16 pos=335 sha=4e77fd0d782f3d56 first8=[0.0009,-0.0007,0.0190,0.0009,-0.0025,0.0046,0.0001,-0.0068]
HID seg1s16 pos=335 sha=5635d52ecfa22961 first8=[0.0186,-0.0116,0.0486,-0.0122,-0.0033,-0.0007,0.0177,-0.0114]
HID seg2s16 pos=335 sha=96384bb889a85f28 first8=[-0.0725,0.0345,0.1188,0.0016,0.0112,0.0085,0.1221,-0.2377]
HID seg0s16 pos=351 sha=f652a56348239b11 first8=[-0.0030,-0.0042,0.0213,0.0036,-0.0052,0.0076,-0.0075,0.0033]
HID seg1s16 pos=351 sha=ab771b6cd19704b5 first8=[-0.0105,0.0076,0.0607,0.0043,0.0031,0.0025,0.0121,-0.0223]
HID seg2s16 pos=351 sha=aaba80b7385d6a54 first8=[0.1620,-0.0319,0.0920,-0.0695,0.0925,0.0630,0.0815,-0.3218]
PROBE_JSON {"offset":6,"abs":{"2752":0.00042107639777604972,"4547":0.17802678306645164,"17550":0.0035811500994080243,"11683":0.00079906259519647784,"18171":5.9256577387927336e-05,"2243":0.00020844793224751958,"12447":0.81042516550212651,"794":9.6733703419598428e-06},"probs":{"2752":0.00042381824091730793,"17550":0.0036044687938058522,"12447":0.81570225700682975,"4547":0.17918600623044056,"11683":0.0008042656992119175,"794":9.7363585889027624e-06,"2243":0.00020980524302618327,"18171":5.9642427179422738e-05}}
PROBE_JSON {"offset":9,"probs":{"2752":0.23235715574979687,"17550":0.60268860416902381,"12447":0.10975774866623859,"4547":0.047949609257761927,"11683":0.00078723824750444023,"794":0.001381646152419932,"2243":0.0002555788394511797,"18171":0.0048224189178031601},"abs":{"2752":0.03961697068264812,"4547":0.0081754239850254651,"17550":0.10275860317312913,"11683":0.00013422437742879783,"18171":0.00082222399508013631,"2243":4.3576275311897599e-05,"12447":0.018713731871404338,"794":0.00023557111868400838}}
PROBE_JSON {"offset":12,"abs":{"2752":0.0019409506850370118,"4547":0.00030710299375186862,"17550":0.0037412803666960967,"11683":1.0185174431635433e-05,"18171":3.9658614016956236e-05,"2243":7.3361059392400055e-06,"12447":0.00040053781272966635,"794":1.553053639524343e-05},"probs":{"2752":0.30033670725421951,"17550":0.57891415526970891,"12447":0.061977982611001417,"4547":0.047520167638669585,"11683":0.0015760223972660701,"794":0.0024031471787498214,"2243":0.0011351663485553482,"18171":0.0061366513018292082}}
PROBE_JSON {"offset":15,"probs":{"2752":0.14484021630931543,"17550":0.75890847083046553,"12447":0.078748259693597888,"4547":0.014566963318385681,"11683":0.00012120083430483422,"794":0.000385175454832987,"2243":5.1722167289831101e-05,"18171":0.0023779913918078851},"abs":{"2752":0.013407463207462845,"4547":0.0013484240062071472,"17550":0.070250084263626916,"11683":1.1219230183870927e-05,"18171":0.00022012416789850536,"2243":4.7877797521906116e-06,"12447":0.0072895113069900742,"794":3.5654639786387159e-05}}
SCORE_END {"ms":388480.68983300001,"row":15,"rss_bytes":3612282312}
SCORE_DONE scored=16 skipped=0
TIMING
  embed        n=352 total=3222.8ms mean=9.16ms
  head         n=64 total=65187.5ms mean=1018.56ms
  load_head    n=1 total=1778.3ms mean=1778.28ms
  load_seg0_s16 n=1 total=3744.4ms mean=3744.42ms
  load_seg1_s16 n=1 total=4551.1ms mean=4551.12ms
  load_seg2_s16 n=1 total=6415.2ms mean=6415.18ms
  seg0         n=352 total=1863189.1ms mean=5293.15ms
  seg1         n=352 total=1903002.9ms mean=5406.26ms
  seg2         n=352 total=1907381.1ms mean=5418.70ms
